{
    "name": "root",
    "metadata": {
        "timer_format_version": "0.1.0",
        "start_time_seconds": "1612166569",
        "python_version": "3.8.7 (tags/v3.8.7:6503f05, Dec 21 2020, 17:59:51) [MSC v.1928 64 bit (AMD64)]",
        "command_line_arguments": "E:\\Documents\\Unity Projects\\AI Game 2021\\venv\\Scripts\\mlagents-learn config/trainer_config.yaml --run-id=Maze_V2_17 --resume",
        "mlagents_version": "0.23.0",
        "mlagents_envs_version": "0.23.0",
        "communication_protocol_version": "1.3.0",
        "pytorch_version": "1.7.0+cu110",
        "numpy_version": "1.18.5",
        "end_time_seconds": "1612166577"
    },
    "total": 8.4693031,
    "count": 1,
    "self": 0.010083899999999701,
    "children": {
        "run_training.setup": {
            "total": 0.016769299999999987,
            "count": 1,
            "self": 0.016769299999999987
        },
        "TrainerController.start_learning": {
            "total": 8.4424499,
            "count": 1,
            "self": 0.0015484999999983984,
            "children": {
                "TrainerController._reset_env": {
                    "total": 7.4081019999999995,
                    "count": 1,
                    "self": 7.4081019999999995
                },
                "trainer_threads": {
                    "total": 1.3700000000227419e-05,
                    "count": 1,
                    "self": 1.3700000000227419e-05,
                    "children": {
                        "thread_root": {
                            "total": 0.0,
                            "count": 0,
                            "is_parallel": true,
                            "self": 0.0,
                            "children": {
                                "trainer_advance": {
                                    "total": 0.001355700000001292,
                                    "count": 1,
                                    "is_parallel": true,
                                    "self": 3.400000000119974e-05,
                                    "children": {
                                        "process_trajectory": {
                                            "total": 0.0013217000000000922,
                                            "count": 1,
                                            "is_parallel": true,
                                            "self": 0.0013217000000000922
                                        }
                                    }
                                }
                            }
                        }
                    }
                },
                "TrainerController._save_models": {
                    "total": 1.0327857000000016,
                    "count": 1,
                    "self": 0.009343300000001165,
                    "children": {
                        "RLTrainer._checkpoint": {
                            "total": 1.0234424000000004,
                            "count": 1,
                            "self": 1.0234424000000004
                        }
                    }
                }
            }
        }
    }
}