{
    "name": "root",
    "metadata": {
        "timer_format_version": "0.1.0",
        "start_time_seconds": "1610763843",
        "python_version": "3.8.7 (tags/v3.8.7:6503f05, Dec 21 2020, 17:59:51) [MSC v.1928 64 bit (AMD64)]",
        "command_line_arguments": "E:\\Documents\\Unity Projects\\AI Game 2021\\venv\\Scripts\\mlagents-learn config/trainer_config.yaml --run-id=Maze16_002",
        "mlagents_version": "0.23.0",
        "mlagents_envs_version": "0.23.0",
        "communication_protocol_version": "1.3.0",
        "pytorch_version": "1.7.0+cu110",
        "numpy_version": "1.18.5",
        "end_time_seconds": "1610763888"
    },
    "total": 45.0555843,
    "count": 1,
    "self": 0.013103100000002144,
    "children": {
        "run_training.setup": {
            "total": 0.009663600000000105,
            "count": 1,
            "self": 0.009663600000000105
        },
        "TrainerController.start_learning": {
            "total": 45.032817599999994,
            "count": 1,
            "self": 0.00030319999999051106,
            "children": {
                "TrainerController._reset_env": {
                    "total": 42.9298548,
                    "count": 1,
                    "self": 7.943772600000003,
                    "children": {
                        "demo_to_buffer": {
                            "total": 34.9860822,
                            "count": 2,
                            "self": 0.116432599999996,
                            "children": {
                                "load_demonstration": {
                                    "total": 27.226871699999997,
                                    "count": 2,
                                    "self": 27.2120999,
                                    "children": {
                                        "read_file": {
                                            "total": 0.014771799999998336,
                                            "count": 2,
                                            "self": 0.014771799999998336
                                        }
                                    }
                                },
                                "make_demo_buffer": {
                                    "total": 7.642777900000002,
                                    "count": 2,
                                    "self": 0.397343900000358,
                                    "children": {
                                        "steps_from_proto": {
                                            "total": 7.245433999999644,
                                            "count": 7320,
                                            "self": 0.5227305999998606,
                                            "children": {
                                                "_process_visual_observation": {
                                                    "total": 6.323253100000112,
                                                    "count": 14640,
                                                    "self": 0.13950810000032732,
                                                    "children": {
                                                        "observation_to_np_array": {
                                                            "total": 6.183744999999785,
                                                            "count": 7320,
                                                            "self": 6.183744999999785
                                                        }
                                                    }
                                                },
                                                "_process_vector_observation": {
                                                    "total": 0.3994502999996712,
                                                    "count": 14640,
                                                    "self": 0.3994502999996712
                                                }
                                            }
                                        }
                                    }
                                }
                            }
                        }
                    }
                },
                "TrainerController.advance": {
                    "total": 0.9687178000000003,
                    "count": 1,
                    "self": 7.399999994106565e-06,
                    "children": {
                        "env_step": {
                            "total": 0.9687104000000062,
                            "count": 1,
                            "self": 9.230000000570726e-05,
                            "children": {
                                "SubprocessEnvManager._take_step": {
                                    "total": 0.9686181000000005,
                                    "count": 1,
                                    "self": 1.8400000001861372e-05,
                                    "children": {
                                        "TorchPolicy.evaluate": {
                                            "total": 0.9685996999999986,
                                            "count": 1,
                                            "self": 0.0003877999999986059,
                                            "children": {
                                                "TorchPolicy.sample_actions": {
                                                    "total": 0.9682119,
                                                    "count": 1,
                                                    "self": 0.9682119
                                                }
                                            }
                                        }
                                    }
                                }
                            }
                        }
                    }
                },
                "TrainerController._save_models": {
                    "total": 1.1339418000000023,
                    "count": 1,
                    "self": 0.009488099999998667,
                    "children": {
                        "RLTrainer._checkpoint": {
                            "total": 1.1244537000000037,
                            "count": 1,
                            "self": 1.1244537000000037
                        }
                    }
                }
            }
        }
    }
}