{
    "name": "root",
    "gauges": {
        "PlayerControl.Policy.Entropy.mean": {
            "value": 1.37710440158844,
            "min": 1.37710440158844,
            "max": 1.4186701774597168,
            "count": 10
        },
        "PlayerControl.Environment.EpisodeLength.mean": {
            "value": 2.928958742632613,
            "min": 2.928958742632613,
            "max": 44.88294930875576,
            "count": 10
        },
        "PlayerControl.Policy.ExtrinsicValueEstimate.mean": {
            "value": 0.9783802628517151,
            "min": -0.32533738017082214,
            "max": 0.9783802628517151,
            "count": 10
        },
        "PlayerControl.Environment.CumulativeReward.mean": {
            "value": 0.9960710356749961,
            "min": 0.11254612546125461,
            "max": 0.9962728893210177,
            "count": 10
        },
        "PlayerControl.Policy.ExtrinsicReward.mean": {
            "value": 0.9960710356749961,
            "min": 0.11254612546125461,
            "max": 0.9962728893210177,
            "count": 10
        },
        "PlayerControl.Losses.PolicyLoss.mean": {
            "value": 0.0237453104245166,
            "min": 0.020473673744127157,
            "max": 0.02711907260740797,
            "count": 10
        },
        "PlayerControl.Losses.ValueLoss.mean": {
            "value": 0.008915208599840602,
            "min": 0.00804515336737192,
            "max": 0.16112357725699744,
            "count": 10
        },
        "PlayerControl.Policy.LearningRate.mean": {
            "value": 1.7039494320200008e-05,
            "min": 1.7039494320200008e-05,
            "max": 0.0002845887051371,
            "count": 10
        },
        "PlayerControl.Policy.Epsilon.mean": {
            "value": 0.10567979999999999,
            "min": 0.10567979999999999,
            "max": 0.19486290000000006,
            "count": 10
        },
        "PlayerControl.Policy.Beta.mean": {
            "value": 0.00029342202000000013,
            "min": 0.00029342202000000013,
            "max": 0.004743658710000001,
            "count": 10
        },
        "PlayerControl.IsTraining.mean": {
            "value": 1.0,
            "min": 1.0,
            "max": 1.0,
            "count": 10
        }
    },
    "metadata": {
        "timer_format_version": "0.1.0",
        "start_time_seconds": "1610473585",
        "python_version": "3.8.7 (tags/v3.8.7:6503f05, Dec 21 2020, 17:59:51) [MSC v.1928 64 bit (AMD64)]",
        "command_line_arguments": "E:\\Documents\\Unity Projects\\AI Game 2021\\venv\\Scripts\\mlagents-learn --run-id=test3",
        "mlagents_version": "0.23.0",
        "mlagents_envs_version": "0.23.0",
        "communication_protocol_version": "1.3.0",
        "pytorch_version": "1.7.0+cu110",
        "numpy_version": "1.18.5",
        "end_time_seconds": "1610475242"
    },
    "total": 1656.5040285,
    "count": 1,
    "self": 0.004976599999963582,
    "children": {
        "run_training.setup": {
            "total": 0.009988500000000178,
            "count": 1,
            "self": 0.009988500000000178
        },
        "TrainerController.start_learning": {
            "total": 1656.4890634,
            "count": 1,
            "self": 2.246160700000928,
            "children": {
                "TrainerController._reset_env": {
                    "total": 28.5568529,
                    "count": 1,
                    "self": 28.5568529
                },
                "TrainerController.advance": {
                    "total": 1625.4660876999992,
                    "count": 87812,
                    "self": 1.0227310999689507,
                    "children": {
                        "env_step": {
                            "total": 1624.4433566000303,
                            "count": 87812,
                            "self": 1432.4638980000775,
                            "children": {
                                "SubprocessEnvManager._take_step": {
                                    "total": 190.74623219997113,
                                    "count": 87812,
                                    "self": 5.063570699950617,
                                    "children": {
                                        "TorchPolicy.evaluate": {
                                            "total": 185.68266150002052,
                                            "count": 68468,
                                            "self": 63.25657200003286,
                                            "children": {
                                                "TorchPolicy.sample_actions": {
                                                    "total": 122.42608949998765,
                                                    "count": 68468,
                                                    "self": 122.42608949998765
                                                }
                                            }
                                        }
                                    }
                                },
                                "workers": {
                                    "total": 1.2332263999816497,
                                    "count": 87811,
                                    "self": 0.0,
                                    "children": {
                                        "worker_root": {
                                            "total": 1626.4961301999829,
                                            "count": 87811,
                                            "is_parallel": true,
                                            "self": 340.8132662000053,
                                            "children": {
                                                "steps_from_proto": {
                                                    "total": 0.0005592999999990411,
                                                    "count": 2,
                                                    "is_parallel": true,
                                                    "self": 0.0001776999999947293,
                                                    "children": {
                                                        "_process_vector_observation": {
                                                            "total": 0.0003816000000043118,
                                                            "count": 4,
                                                            "is_parallel": true,
                                                            "self": 0.0003816000000043118
                                                        }
                                                    }
                                                },
                                                "UnityEnvironment.step": {
                                                    "total": 1285.6823046999775,
                                                    "count": 87811,
                                                    "is_parallel": true,
                                                    "self": 9.312436199919603,
                                                    "children": {
                                                        "UnityEnvironment._generate_step_input": {
                                                            "total": 37.797241099991474,
                                                            "count": 87811,
                                                            "is_parallel": true,
                                                            "self": 37.797241099991474
                                                        },
                                                        "communicator.exchange": {
                                                            "total": 1209.7981365000376,
                                                            "count": 87811,