{
    "name": "root",
    "gauges": {
        "MazeAgent.Policy.Entropy.mean": {
            "value": 1.3966495990753174,
            "min": 1.3966495990753174,
            "max": 1.4327771663665771,
            "count": 6
        },
        "MazeAgent.Policy.ExtrinsicValueEstimate.mean": {
            "value": -0.4618677496910095,
            "min": -0.5132871866226196,
            "max": -0.1390296071767807,
            "count": 6
        },
        "MazeAgent.Environment.EpisodeLength.mean": {
            "value": 7.587124463519313,
            "min": 7.587124463519313,
            "max": 123.4625,
            "count": 6
        },
        "MazeAgent.Environment.CumulativeReward.mean": {
            "value": -0.8058257939477846,
            "min": -0.8459346462563376,
            "max": -0.8058257939477846,
            "count": 6
        },
        "MazeAgent.Policy.ExtrinsicReward.mean": {
            "value": -0.8058257939477846,
            "min": -0.8459346462563376,
            "max": -0.8058257939477846,
            "count": 6
        },
        "MazeAgent.Losses.PolicyLoss.mean": {
            "value": 3.211049931737215,
            "min": 0.949289776533618,
            "max": 4.07702457341582,
            "count": 6
        },
        "MazeAgent.Losses.ValueLoss.mean": {
            "value": 0.07747156951701212,
            "min": 0.024197276312727754,
            "max": 0.1764844851227508,
            "count": 6
        },
        "MazeAgent.Policy.LearningRate.mean": {
            "value": 0.0002983502736381442,
            "min": 0.0002983502736381442,
            "max": 0.00029984186732543816,
            "count": 6
        },
        "MazeAgent.Policy.Epsilon.mean": {
            "value": 0.19945009102941177,
            "min": 0.19945009102941177,
            "max": 0.1999472890909091,
            "count": 6
        },
        "MazeAgent.Policy.Beta.mean": {
            "value": 0.009945064093838232,
            "min": 0.009945064093838232,
            "max": 0.009994734180181819,
            "count": 6
        },
        "MazeAgent.IsTraining.mean": {
            "value": 1.0,
            "min": 1.0,
            "max": 1.0,
            "count": 6
        }
    },
    "metadata": {
        "timer_format_version": "0.1.0",
        "start_time_seconds": "1610803126",
        "python_version": "3.8.7 (tags/v3.8.7:6503f05, Dec 21 2020, 17:59:51) [MSC v.1928 64 bit (AMD64)]",
        "command_line_arguments": "E:\\Documents\\Unity Projects\\AI Game 2021\\venv\\Scripts\\mlagents-learn config/trainer_config.yaml --run-id=Maze16_05",
        "mlagents_version": "0.23.0",
        "mlagents_envs_version": "0.23.0",
        "communication_protocol_version": "1.3.0",
        "pytorch_version": "1.7.0+cu110",
        "numpy_version": "1.18.5",
        "end_time_seconds": "1610807890"
    },
    "total": 4763.635454,
    "count": 1,
    "self": 0.008227999999689928,
    "children": {
        "run_training.setup": {
            "total": 0.03278140000000018,
            "count": 1,
            "self": 0.03278140000000018
        },
        "TrainerController.start_learning": {
            "total": 4763.5944446,
            "count": 1,
            "self": 1.7764317998835395,
            "children": {
                "TrainerController._reset_env": {
                    "total": 5.7558833,
                    "count": 1,
                    "self": 5.7558833
                },
                "TrainerController.advance": {
                    "total": 4755.794289900116,
                    "count": 73461,
                    "self": 0.7795349000762144,
                    "children": {
                        "env_step": {
                            "total": 4755.01475500004,
                            "count": 73461,
                            "self": 4518.805383400152,
                            "children": {
                                "SubprocessEnvManager._take_step": {
                                    "total": 235.151622299974,
                                    "count": 73461,
                                    "self": 4.96151429999378,
                                    "children": {
                                        "TorchPolicy.evaluate": {
                                            "total": 230.19010799998023,
                                            "count": 69685,
                                            "self": 69.79413409993518,
                                            "children": {
                                                "TorchPolicy.sample_actions": {
                                                    "total": 160.39597390004505,
                                                    "count": 69685,
                                                    "self": 160.39597390004505
                                                }
                                            }
                                        }
                                    }
                                },
                                "workers": {
                                    "total": 1.057749299913631,
                                    "count": 73460,
                                    "self": 0.0,
                                    "children": {
                                        "worker_root": {
                                            "total": 4756.803648899997,
                                            "count": 73460,
                                            "is_parallel": true,
                                            "self": 313.6431148999909,
                                            "children": {
                                                "steps_from_proto": {
                                                    "total": 0.0029610999999998278,
                                                    "count": 1,
                                                    "is_parallel": true,
                                                    "self": 0.00019900000000028228,
                                                    "children": {
                                                        "_process_visual_observation": {
                                                            "total": 0.0027620999999995455,
                                                            "count": 2,
                                                            "is_parallel": true,
                                                            "self": 4.2499999999723315e-05,
                                                            "children": {
                                                                "observation_to_np_array": {
                                                                    "total": 0.002719599999999822,
                                                                    "count": 1,
                                                                    "is_parallel": true,
                                                                    "self": 0.002719599999999822
                                                                }
                                                            }
                                                        }
                                                    }
                                                },
                                                "UnityEnvironment.step": {
                                                    "total": 4443.157572900006,
                                                    "count": 73460,
                                                    "is_parallel": true,
                                                    "self": 8.384961200047655,
                                                    "children": {
                                                        "UnityEnvironment._generate_step_input": {
                                                            "total": 11.674687299952659,