{
    "name": "root",
    "metadata": {
        "timer_format_version": "0.1.0",
        "start_time_seconds": "1610726022",
        "python_version": "3.8.7 (tags/v3.8.7:6503f05, Dec 21 2020, 17:59:51) [MSC v.1928 64 bit (AMD64)]",
        "command_line_arguments": "E:\\Documents\\Unity Projects\\AI Game 2021\\venv\\Scripts\\mlagents-learn config/maze_agent_c.yaml --run-id=Maze01_imit02",
        "mlagents_version": "0.23.0",
        "mlagents_envs_version": "0.23.0",
        "communication_protocol_version": "1.3.0",
        "pytorch_version": "1.7.0+cu110",
        "numpy_version": "1.18.5",
        "end_time_seconds": "1610726140"
    },
    "total": 118.22926469999999,
    "count": 1,
    "self": 0.008262199999975905,
    "children": {
        "run_training.setup": {
            "total": 0.010201600000000033,
            "count": 1,
            "self": 0.010201600000000033
        },
        "TrainerController.start_learning": {
            "total": 118.21080090000001,
            "count": 1,
            "self": 0.10293920000022183,
            "children": {
                "TrainerController._reset_env": {
                    "total": 7.5216258,
                    "count": 1,
                    "self": 7.5216258
                },
                "TrainerController.advance": {
                    "total": 110.41518959999979,
                    "count": 4151,
                    "self": 0.04646910000022331,
                    "children": {
                        "env_step": {
                            "total": 110.36872049999957,
                            "count": 4151,
                            "self": 97.87436079999947,
                            "children": {
                                "SubprocessEnvManager._take_step": {
                                    "total": 12.438408800000298,
                                    "count": 4151,
                                    "self": 0.2665349000004209,
                                    "children": {
                                        "TorchPolicy.evaluate": {
                                            "total": 12.171873899999877,
                                            "count": 4151,
                                            "self": 3.541336000000184,
                                            "children": {
                                                "TorchPolicy.sample_actions": {
                                                    "total": 8.630537899999693,
                                                    "count": 4151,
                                                    "self": 8.630537899999693
                                                }
                                            }
                                        }
                                    }
                                },
                                "workers": {
                                    "total": 0.055950899999800185,
                                    "count": 4150,
                                    "self": 0.0,
                                    "children": {
                                        "worker_root": {
                                            "total": 111.90133390000013,
                                            "count": 4150,
                                            "is_parallel": true,
                                            "self": 18.110696500000103,
                                            "children": {
                                                "steps_from_proto": {
                                                    "total": 0.0023109000000003377,
                                                    "count": 1,
                                                    "is_parallel": true,
                                                    "self": 0.00039269999999991256,
                                                    "children": {
                                                        "_process_visual_observation": {
                                                            "total": 0.0019182000000004251,
                                                            "count": 2,
                                                            "is_parallel": true,
                                                            "self": 6.459999999997024e-05,
                                                            "children": {
                                                                "observation_to_np_array": {
                                                                    "total": 0.0018536000000004549,
                                                                    "count": 1,
                                                                    "is_parallel": true,
                                                                    "self": 0.0018536000000004549
                                                                }
                                                            }
                                                        }
                                                    }
                                                },
                                                "UnityEnvironment.step": {
                                                    "total": 93.78832650000003,
                                                    "count": 4150,
                                                    "is_parallel": true,
                                                    "self": 0.33255569999947454,
                                                    "children": {
                                                        "UnityEnvironment._generate_step_input": {
                                                            "total": 0.628252100000088,
                                                            "count": 4150,
                                                            "is_parallel": true,
                                                            "self": 0.628252100000088
                                                        },
                                                        "communicator.exchange": {
                                                            "total": 88.49553760000018,
                                                            "count": 4150,
                                                            "is_parallel": true,
                                                            "self": 88.49553760000018
                                                        },
                                                        "steps_from_proto": {
                                                            "total": 4.331981100000297,
                                                            "count": 4150,
                                                            "is_parallel": true,
                                                            "self": 0.5128710000000218,
                                                            "children": {
                                                                "_process_visual_observation": {
                                                                    "total": 3.819110100000275,
                                                                    "count": 8300,
                                                                    "is_parallel": true,
                                                                    "self": 0.12869650000046917,
                                                                    "children": {
                                                                        "observation_to_np_array": {
                                                                            "total": 3.690413599999806,
                                                                            "count": 4191,