{
    "name": "root",
    "metadata": {
        "timer_format_version": "0.1.0",
        "start_time_seconds": "1611582813",
        "python_version": "3.8.7 (tags/v3.8.7:6503f05, Dec 21 2020, 17:59:51) [MSC v.1928 64 bit (AMD64)]",
        "command_line_arguments": "E:\\Documents\\Unity Projects\\AI Game 2021\\venv\\Scripts\\mlagents-learn config/trainer_config.yaml --run-id=GridWord_01",
        "mlagents_version": "0.23.0",
        "mlagents_envs_version": "0.23.0",
        "communication_protocol_version": "1.3.0",
        "pytorch_version": "1.7.0+cu110",
        "numpy_version": "1.18.5",
        "end_time_seconds": "1611583183"
    },
    "total": 370.26957880000003,
    "count": 1,
    "self": 0.007570400000076916,
    "children": {
        "run_training.setup": {
            "total": 0.010240900000000108,
            "count": 1,
            "self": 0.010240900000000108
        },
        "TrainerController.start_learning": {
            "total": 370.25176749999997,
            "count": 1,
            "self": 0.05996329999942418,
            "children": {
                "TrainerController._reset_env": {
                    "total": 7.736854,
                    "count": 1,
                    "self": 7.736854
                },
                "TrainerController.advance": {
                    "total": 361.78381690000055,
                    "count": 2284,
                    "self": 0.02608680000133745,
                    "children": {
                        "env_step": {
                            "total": 361.7577300999992,
                            "count": 2284,
                            "self": 349.7782399999998,
                            "children": {
                                "SubprocessEnvManager._take_step": {
                                    "total": 11.93924579999992,
                                    "count": 2284,
                                    "self": 0.1473428999998383,
                                    "children": {
                                        "TorchPolicy.evaluate": {
                                            "total": 11.791902900000082,
                                            "count": 2284,
                                            "self": 3.5054826000003345,
                                            "children": {
                                                "TorchPolicy.sample_actions": {
                                                    "total": 8.286420299999747,
                                                    "count": 2284,
                                                    "self": 8.286420299999747
                                                }
                                            }
                                        }
                                    }
                                },
                                "workers": {
                                    "total": 0.04024429999948076,
                                    "count": 2283,
                                    "self": 0.0,
                                    "children": {
                                        "worker_root": {
                                            "total": 363.4233492000014,
                                            "count": 2283,
                                            "is_parallel": true,
                                            "self": 18.312124100001313,
                                            "children": {
                                                "steps_from_proto": {
                                                    "total": 0.04136260000000025,
                                                    "count": 1,
                                                    "is_parallel": true,
                                                    "self": 0.022841000000000555,
                                                    "children": {
                                                        "_process_visual_observation": {
                                                            "total": 0.018521599999999694,
                                                            "count": 2,
                                                            "is_parallel": true,
                                                            "self": 5.2999999999414626e-05,
                                                            "children": {
                                                                "observation_to_np_array": {
                                                                    "total": 0.01846860000000028,
                                                                    "count": 1,
                                                                    "is_parallel": true,
                                                                    "self": 2.7699999999519775e-05,
                                                                    "children": {
                                                                        "process_pixels": {
                                                                            "total": 0.01844090000000076,
                                                                            "count": 1,
                                                                            "is_parallel": true,
                                                                            "self": 0.00020910000000018414,
                                                                            "children": {
                                                                                "image_decompress": {
                                                                                    "total": 0.018231800000000575,
                                                                                    "count": 1,
                                                                                    "is_parallel": true,
                                                                                    "self": 0.018231800000000575
                                                                                }
                                                                            }
                                                                        }
                                                                    }
                                                                }
                                                            }
                                                        }
                                                    }
                                                },
                                                "UnityEnvironment.step": {
                                                    "total": 345.06986250000006,
                                                    "count": 2283,
                                                    "is_parallel": true,
                                                    "self": 0.48047240000033753,
                                                    "children": {
                                                        "UnityEnvironment._generate_step_input": {
                                                            "total": 1.354218400001045,
                                                            "count": 2283,
                                                            "is_parallel": true,
                                                            "self": 1.354218400001045
                                                        },
                                                        "communicator.exchange": {
                                                            "total": 321.21210179999855,
                                                            "count": 2283,
                                                            "is_parallel": true,