{
    "name": "root",
    "metadata": {
        "timer_format_version": "0.1.0",
        "start_time_seconds": "1610816401",
        "python_version": "3.8.7 (tags/v3.8.7:6503f05, Dec 21 2020, 17:59:51) [MSC v.1928 64 bit (AMD64)]",
        "command_line_arguments": "E:\\Documents\\Unity Projects\\AI Game 2021\\venv\\Scripts\\mlagents-learn --run-id=Maze16_15",
        "mlagents_version": "0.23.0",
        "mlagents_envs_version": "0.23.0",
        "communication_protocol_version": "1.3.0",
        "pytorch_version": "1.7.0+cu110",
        "numpy_version": "1.18.5",
        "end_time_seconds": "1610816848"
    },
    "total": 447.2877024,
    "count": 1,
    "self": 0.004251199999998789,
    "children": {
        "run_training.setup": {
            "total": 0.009724999999999984,
            "count": 1,
            "self": 0.009724999999999984
        },
        "TrainerController.start_learning": {
            "total": 447.2737262,
            "count": 1,
            "self": 0.15575610000036022,
            "children": {
                "TrainerController._reset_env": {
                    "total": 8.8818221,
                    "count": 1,
                    "self": 8.8818221
                },
                "TrainerController.advance": {
                    "total": 438.06726299999957,
                    "count": 6690,
                    "self": 0.06972189999896727,
                    "children": {
                        "env_step": {
                            "total": 437.9975411000006,
                            "count": 6690,
                            "self": 419.56725410000155,
                            "children": {
                                "SubprocessEnvManager._take_step": {
                                    "total": 18.338478399996717,
                                    "count": 6690,
                                    "self": 0.41596049999521156,
                                    "children": {
                                        "TorchPolicy.evaluate": {
                                            "total": 17.922517900001505,
                                            "count": 6301,
                                            "self": 5.303794000000206,
                                            "children": {
                                                "TorchPolicy.sample_actions": {
                                                    "total": 12.6187239000013,
                                                    "count": 6301,
                                                    "self": 12.6187239000013
                                                }
                                            }
                                        }
                                    }
                                },
                                "workers": {
                                    "total": 0.09180860000234503,
                                    "count": 6689,
                                    "self": 0.0,
                                    "children": {
                                        "worker_root": {
                                            "total": 439.4613308000012,
                                            "count": 6689,
                                            "is_parallel": true,
                                            "self": 26.725034500001527,
                                            "children": {
                                                "steps_from_proto": {
                                                    "total": 0.0028927999999996956,
                                                    "count": 1,
                                                    "is_parallel": true,
                                                    "self": 0.00017949999999977706,
                                                    "children": {
                                                        "_process_visual_observation": {
                                                            "total": 0.0027132999999999186,
                                                            "count": 2,
                                                            "is_parallel": true,
                                                            "self": 4.069999999956053e-05,
                                                            "children": {
                                                                "observation_to_np_array": {
                                                                    "total": 0.002672600000000358,
                                                                    "count": 1,
                                                                    "is_parallel": true,
                                                                    "self": 0.002672600000000358
                                                                }
                                                            }
                                                        }
                                                    }
                                                },
                                                "UnityEnvironment.step": {
                                                    "total": 412.73340349999967,
                                                    "count": 6689,
                                                    "is_parallel": true,
                                                    "self": 0.7599229999960357,
                                                    "children": {
                                                        "UnityEnvironment._generate_step_input": {
                                                            "total": 0.9874464000024243,
                                                            "count": 6689,
                                                            "is_parallel": true,
                                                            "self": 0.9874464000024243
                                                        },
                                                        "communicator.exchange": {
                                                            "total": 392.44110150000114,
                                                            "count": 6689,
                                                            "is_parallel": true,
                                                            "self": 392.44110150000114
                                                        },
                                                        "steps_from_proto": {
                                                            "total": 18.544932600000095,
                                                            "count": 6689,
                                                            "is_parallel": true,
                                                            "self": 0.848858600001364,
                                                            "children": {
                                                                "_process_visual_observation": {
                                                                    "total": 17.69607399999873,
                                                                    "count": 13378,
                                                                    "is_parallel": true,
                                                                    "self": 0.22218249999878026,
                                                                    "children": {
                                                                        "observation_to_np_array": {
                                                                            "total": 17.47389149999995,
                                                                            "count": 6689,
                                                                            "is_parallel": true,