{
    "name": "root",
    "gauges": {
        "MazeAgent.Policy.Entropy.mean": {
            "value": 1.4524799585342407,
            "min": 1.4189382791519165,
            "max": 1.4524799585342407,
            "count": 103
        },
        "MazeAgent.Policy.CuriosityValueEstimate.mean": {
            "value": 4.5299072265625,
            "min": -0.0037021837197244167,
            "max": 4.5299072265625,
            "count": 103
        },
        "MazeAgent.Policy.ExtrinsicValueEstimate.mean": {
            "value": -0.016613738611340523,
            "min": -0.017733167856931686,
            "max": 0.013226660899817944,
            "count": 103
        },
        "MazeAgent.Environment.EpisodeLength.mean": {
            "value": 304.5,
            "min": 176.22222222222223,
            "max": 795.0,
            "count": 103
        },
        "MazeAgent.Environment.CumulativeReward.mean": {
            "value": -0.3635333431496595,
            "min": -0.5452499875245849,
            "max": 0.2573571428656578,
            "count": 103
        },
        "MazeAgent.Policy.CuriosityReward.mean": {
            "value": 28.83271288871765,
            "min": 0.0,
            "max": 134.57418757180372,
            "count": 103
        },
        "MazeAgent.Policy.ExtrinsicReward.mean": {
            "value": -0.3635333431496595,
            "min": -0.5452499875245849,
            "max": 0.2573571428656578,
            "count": 103
        },
        "MazeAgent.IsTraining.mean": {
            "value": 1.0,
            "min": 1.0,
            "max": 1.0,
            "count": 103
        },
        "MazeAgent.Losses.PolicyLoss.mean": {
            "value": 0.025539254924903314,
            "min": 0.01919912944237391,
            "max": 0.03314480868478616,
            "count": 20
        },
        "MazeAgent.Losses.ValueLoss.mean": {
            "value": 3.1489566961924234,
            "min": 0.00015673160378355534,
            "max": 11.132203420003256,
            "count": 20
        },
        "MazeAgent.Policy.LearningRate.mean": {
            "value": 0.00028767564410812007,
            "min": 0.00028767564410812007,
            "max": 0.00029938524020491997,
            "count": 20
        },
        "MazeAgent.Policy.Epsilon.mean": {
            "value": 0.19589187999999993,
            "min": 0.19589187999999993,
            "max": 0.19979508000000007,
            "count": 20
        },
        "MazeAgent.Policy.Beta.mean": {
            "value": 0.004795004811999998,
            "min": 0.004795004811999998,
            "max": 0.004989774492,
            "count": 20
        },
        "MazeAgent.Losses.CuriosityForwardLoss.mean": {
            "value": 0.09435147618254026,
            "min": 0.003441733323658506,
            "max": 0.1353141641865174,
            "count": 20
        },
        "MazeAgent.Losses.CuriosityInverseLoss.mean": {
            "value": 1.9288950125376383,
            "min": 1.7660149892171224,
            "max": 2.201714793841044,
            "count": 20
        }
    },
    "metadata": {
        "timer_format_version": "0.1.0",
        "start_time_seconds": "1611570236",
        "python_version": "3.8.7 (tags/v3.8.7:6503f05, Dec 21 2020, 17:59:51) [MSC v.1928 64 bit (AMD64)]",
        "command_line_arguments": "E:\\Documents\\Unity Projects\\AI Game 2021\\venv\\Scripts\\mlagents-learn config/trainer_config.yaml --run-id=Maze_V2_05 --force",
        "mlagents_version": "0.23.0",
        "mlagents_envs_version": "0.23.0",
        "communication_protocol_version": "1.3.0",
        "pytorch_version": "1.7.0+cu110",
        "numpy_version": "1.18.5",
        "end_time_seconds": "1611572434"
    },
    "total": 2198.392503,
    "count": 1,
    "self": 0.009300600000187842,
    "children": {
        "run_training.setup": {
            "total": 0.010306900000000008,
            "count": 1,
            "self": 0.010306900000000008
        },
        "TrainerController.start_learning": {
            "total": 2198.3728954999997,
            "count": 1,
            "self": 4.8872254000016255,
            "children": {
                "TrainerController._reset_env": {
                    "total": 5.0949975,
                    "count": 1,
                    "self": 5.0949975
                },
                "TrainerController.advance": {
                    "total": 2188.0264535999977,
                    "count": 206251,
                    "self": 2.2761058999481065,
                    "children": {
                        "env_step": {
                            "total": 2185.7503477000496,
                            "count": 206251,
                            "self": 1496.6704032000807,
                            "children": {
                                "SubprocessEnvManager._take_step": {
                                    "total": 685.3325372000077,
                                    "count": 206251,
                                    "self": 14.042968600001245,
                                    "children": {
                                        "TorchPolicy.evaluate": {
                                            "total": 671.2895686000064,
                                            "count": 206251,
                                            "self": 223.5875183000067,
                                            "children": {
                                                "TorchPolicy.sample_actions": {
                                                    "total": 447.7020502999997,
                                                    "count": 206251,
                                                    "self": 447.7020502999997
                                                }
                                            }
                                        }
                                    }
                                },
                                "workers": {
                                    "total": 3.7474072999610417,
                                    "count": 206250,
                                    "self": 0.0,
                                    "children": {
                                        "worker_root": {
                                            "total": 2187.948984099918,
                                            "count": 206250,
                                            "is_parallel": true,
                                            "self": 906.847286699988,
                                            "children": {
                                                "steps_from_proto": {
                                                    "total": 0.018744600000000222,
                                                    "count": 1,
                                                    "is_parallel": true,
                                                    "self": 0.00012660000000019878,
                                                    "children": {
                                                        "_process_visual_observation": {
                                                            "total": 0.018618000000000023,
                                                            "count": 2,
                                                            "is_parallel": true,
                                                            "self": 3.989999999998162e-05,
                                                            "children": {
                                                                "observation_to_np_array": {
                                                                    "total": 0.018578100000000042,
                                                                    "count": 1,
                                                                    "is_parallel": true,
                                                                    "self": 2.740000000001075e-05,