{
    "name": "root",
    "gauges": {
        "MazeAgent.Policy.Entropy.mean": {
            "value": 1.315891146659851,
            "min": 1.3120276927947998,
            "max": 1.4301320314407349,
            "count": 1562
        },
        "MazeAgent.Policy.CuriosityValueEstimate.mean": {
            "value": 75.82449340820312,
            "min": -0.011706389486789703,
            "max": 79.33539581298828,
            "count": 1562
        },
        "MazeAgent.Policy.ExtrinsicValueEstimate.mean": {
            "value": -0.7673142552375793,
            "min": -0.9483077526092529,
            "max": 0.03118213638663292,
            "count": 1562
        },
        "MazeAgent.Environment.EpisodeLength.mean": {
            "value": 43.51111111111111,
            "min": 40.291666666666664,
            "max": 579.6666666666666,
            "count": 1562
        },
        "MazeAgent.Environment.CumulativeReward.mean": {
            "value": -0.9595422585805257,
            "min": -1.050350018311292,
            "max": 0.12137142578805131,
            "count": 1562
        },
        "MazeAgent.Policy.CuriosityReward.mean": {
            "value": 5.128332281112671,
            "min": 0.0,
            "max": 125.51241612434387,
            "count": 1562
        },
        "MazeAgent.Policy.ExtrinsicReward.mean": {
            "value": -0.9595422585805257,
            "min": -1.050350018311292,
            "max": 0.12137142578805131,
            "count": 1562
        },
        "MazeAgent.IsTraining.mean": {
            "value": 1.0,
            "min": 1.0,
            "max": 1.0,
            "count": 1562
        },
        "MazeAgent.Losses.PolicyLoss.mean": {
            "value": 0.02493023332208395,
            "min": 0.013516079525773723,
            "max": 0.03475522343069315,
            "count": 304
        },
        "MazeAgent.Losses.ValueLoss.mean": {
            "value": 0.05914405199388663,
            "min": 0.00034378115778963545,
            "max": 16.00046548843384,
            "count": 304
        },
        "MazeAgent.Policy.LearningRate.mean": {
            "value": 0.00011276664241114003,
            "min": 0.00011276664241114003,
            "max": 0.0002993847602050799,
            "count": 304
        },
        "MazeAgent.Policy.Epsilon.mean": {
            "value": 0.13758886000000004,
            "min": 0.13758886000000004,
            "max": 0.1997949200000001,
            "count": 304
        },
        "MazeAgent.Policy.Beta.mean": {
            "value": 0.0018856841140000005,
            "min": 0.0018856841140000005,
            "max": 0.004989766508000001,
            "count": 304
        },
        "MazeAgent.Losses.CuriosityForwardLoss.mean": {
            "value": 0.18002002636591594,
            "min": 0.008780832402408123,
            "max": 0.42946114465594293,
            "count": 304
        },
        "MazeAgent.Losses.CuriosityInverseLoss.mean": {
            "value": 1.5298452258110047,
            "min": 0.385911637544632,
            "max": 2.0389151374499,
            "count": 304
        }
    },
    "metadata": {
        "timer_format_version": "0.1.0",
        "start_time_seconds": "1611528515",
        "python_version": "3.8.7 (tags/v3.8.7:6503f05, Dec 21 2020, 17:59:51) [MSC v.1928 64 bit (AMD64)]",
        "command_line_arguments": "E:\\Documents\\Unity Projects\\AI Game 2021\\venv\\Scripts\\mlagents-learn config/trainer_config.yaml --run-id=Maze_V2_03 --force",
        "mlagents_version": "0.23.0",
        "mlagents_envs_version": "0.23.0",
        "communication_protocol_version": "1.3.0",
        "pytorch_version": "1.7.0+cu110",
        "numpy_version": "1.18.5",
        "end_time_seconds": "1611564309"
    },
    "total": 35794.8254852,
    "count": 1,
    "self": 0.010407200003101025,
    "children": {
        "run_training.setup": {
            "total": 0.009390400000000021,
            "count": 1,
            "self": 0.009390400000000021
        },
        "TrainerController.start_learning": {
            "total": 35794.8056876,
            "count": 1,
            "self": 76.61153099710646,
            "children": {
                "TrainerController._reset_env": {
                    "total": 6.1206738000000005,
                    "count": 1,
                    "self": 6.1206738000000005
                },
                "TrainerController.advance": {
                    "total": 35711.84356690289,
                    "count": 3182976,
                    "self": 34.220953401498264,
                    "children": {
                        "env_step": {
                            "total": 35677.62261350139,
                            "count": 3182976,
                            "self": 25529.396171705088,
                            "children": {
                                "SubprocessEnvManager._take_step": {
                                    "total": 10088.516422597304,
                                    "count": 3182976,
                                    "self": 204.75373369856425,
                                    "children": {
                                        "TorchPolicy.evaluate": {
                                            "total": 9883.76268889874,
                                            "count": 3124787,
                                            "self": 3126.1377435990926,
                                            "children": {
                                                "TorchPolicy.sample_actions": {
                                                    "total": 6757.624945299647,
                                                    "count": 3124787,
                                                    "self": 6757.624945299647
                                                }
                                            }
                                        }
                                    }
                                },
                                "workers": {
                                    "total": 59.71001919900123,
                                    "count": 3182975,
                                    "self": 0.0,
                                    "children": {
                                        "worker_root": {
                                            "total": 35697.29366730018,
                                            "count": 3182975,
                                            "is_parallel": true,
                                            "self": 13380.296326700405,
                                            "children": {
                                                "steps_from_proto": {
                                                    "total": 0.017958700000000327,
                                                    "count": 1,
                                                    "is_parallel": true,
                                                    "self": 0.00011449999999957328,
                                                    "children": {
                                                        "_process_visual_observation": {
                                                            "total": 0.0177612000000007,
                                                            "count": 2,
                                                            "is_parallel": true,
                                                            "self": 2.7900000000080638e-05,
                                                            "children": {
                                                                "observation_to_np_array": {
                                                                    "total": 0.017733300000000618,
                                                                    "count": 1,
                                                                    "is_parallel": true,
                                                                    "self": 2.7200000000782154e-05,