{
    "name": "root",
    "gauges": {
        "MazeAgent.Policy.Entropy.mean": {
            "value": 0.054291125386953354,
            "min": 0.022360464558005333,
            "max": 0.22152848541736603,
            "count": 3000
        },
        "MazeAgent.Environment.EpisodeLength.mean": {
            "value": 28.952095808383234,
            "min": 23.048076923076923,
            "max": 240.23809523809524,
            "count": 3000
        },
        "MazeAgent.Policy.CuriosityValueEstimate.mean": {
            "value": 0.1710715889930725,
            "min": 0.1125323697924614,
            "max": 0.5070847868919373,
            "count": 3000
        },
        "MazeAgent.Policy.ExtrinsicValueEstimate.mean": {
            "value": 0.5902124643325806,
            "min": -0.6984947323799133,
            "max": 0.6829587817192078,
            "count": 3000
        },
        "MazeAgent.Environment.CumulativeReward.mean": {
            "value": 0.6086227779616853,
            "min": -2.5652171062386553,
            "max": 0.682205148996451,
            "count": 3000
        },
        "MazeAgent.Policy.CuriosityReward.mean": {
            "value": 0.028317042471684827,
            "min": 0.019310998157441115,
            "max": 0.34238002791729133,
            "count": 3000
        },
        "MazeAgent.Policy.ExtrinsicReward.mean": {
            "value": 0.6086227779616853,
            "min": -2.5652171062386553,
            "max": 0.682205148996451,
            "count": 3000
        },
        "MazeAgent.Losses.PolicyLoss.mean": {
            "value": 0.1392536908668397,
            "min": 0.1140271020160424,
            "max": 0.16287152690149453,
            "count": 3000
        },
        "MazeAgent.Losses.ValueLoss.mean": {
            "value": 0.017148439367662267,
            "min": 0.00950808503505498,
            "max": 0.05497115172796458,
            "count": 3000
        },
        "MazeAgent.Policy.LearningRate.mean": {
            "value": 5.106331634555369e-08,
            "min": 5.106331634555369e-08,
            "max": 0.00029994856707596775,
            "count": 3000
        },
        "MazeAgent.Policy.Epsilon.mean": {
            "value": 0.10001698777777777,
            "min": 0.10001698777777777,
            "max": 0.19998285568627452,
            "count": 3000
        },
        "MazeAgent.Policy.Beta.mean": {
            "value": 1.084769011111108e-05,
            "min": 1.084769011111108e-05,
            "max": 0.004999144498745098,
            "count": 3000
        },
        "MazeAgent.Losses.CuriosityForwardLoss.mean": {
            "value": 0.0029222104455648113,
            "min": 0.0016196586003747444,
            "max": 0.008554409241822726,
            "count": 3000
        },
        "MazeAgent.Losses.CuriosityInverseLoss.mean": {
            "value": 0.0029027592298237577,
            "min": 0.00010118253580448366,
            "max": 0.07938187334308383,
            "count": 3000
        },
        "MazeAgent.IsTraining.mean": {
            "value": 1.0,
            "min": 1.0,
            "max": 1.0,
            "count": 3000
        }
    },
    "metadata": {
        "timer_format_version": "0.1.0",
        "start_time_seconds": "1611965397",
        "python_version": "3.8.7 (tags/v3.8.7:6503f05, Dec 21 2020, 17:59:51) [MSC v.1928 64 bit (AMD64)]",
        "command_line_arguments": "E:\\Documents\\Unity Projects\\AI Game 2021\\venv\\Scripts\\mlagents-learn config/trainer_config.yaml --run-id=Maze_V2_16 --initialize-from=Maze_V2_15",
        "mlagents_version": "0.23.0",
        "mlagents_envs_version": "0.23.0",
        "communication_protocol_version": "1.3.0",
        "pytorch_version": "1.7.0+cu110",
        "numpy_version": "1.18.5",
        "end_time_seconds": "1612139827"
    },
    "total": 174430.33825650002,
    "count": 1,
    "self": 0.1714178999827709,
    "children": {
        "run_training.setup": {
            "total": 0.10825700000000182,
            "count": 1,
            "self": 0.10825700000000182
        },
        "TrainerController.start_learning": {
            "total": 174430.05858160002,
            "count": 1,
            "self": 393.89638660344644,
            "children": {
                "TrainerController._reset_env": {
                    "total": 24.792109099999998,
                    "count": 1,
                    "self": 24.792109099999998
                },
                "TrainerController.advance": {
                    "total": 174011.24781479657,
                    "count": 15000020,
                    "self": 179.8460381781333,
                    "children": {
                        "env_step": {
                            "total": 173831.40177661844,
                            "count": 15000020,
                            "self": 117591.51377140777,
                            "children": {
                                "SubprocessEnvManager._take_step": {
                                    "total": 55974.98218507068,
                                    "count": 15000020,
                                    "self": 869.4811818823582,
                                    "children": {
                                        "TorchPolicy.evaluate": {
                                            "total": 55105.50100318832,
                                            "count": 15000020,
                                            "self": 16516.146124392042,
                                            "children": {
                                                "TorchPolicy.sample_actions": {
                                                    "total": 38589.35487879628,
                                                    "count": 15000020,
                                                    "self": 38589.35487879628
                                                }
                                            }
                                        }
                                    }
                                },
                                "workers": {
                                    "total": 264.90582013998744,
                                    "count": 15000020,
                                    "self": 0.0,
                                    "children": {
                                        "worker_root": {
                                            "total": 173959.3279240702,
                                            "count": 15000020,
                                            "is_parallel": true,
                                            "self": 72406.78303401053,
                                            "children": {
                                                "steps_from_proto": {
                                                    "total": 0.10003150000000005,
                                                    "count": 1,
                                                    "is_parallel": true,
                                                    "self": 0.00021479999999840516,
                                                    "children": {
                                                        "_process_visual_observation": {
                                                            "total": 0.09981670000000165,
                                                            "count": 2,
                                                            "is_parallel": true,
                                                            "self": 2.600000000185787e-05,
                                                            "children": {
                                                                "observation_to_np_array": {
                                                                    "total": 0.09979069999999979,
                                                                    "count": 1,
                                                                    "is_parallel": true,