{
    "name": "root",
    "gauges": {
        "MazeAgent.Policy.Entropy.mean": {
            "value": 0.0004668565816245973,
            "min": 0.0004668565816245973,
            "max": 1.1439120769500732,
            "count": 3
        },
        "MazeAgent.Environment.EpisodeLength.mean": {
            "value": 2.000593471810089,
            "min": 2.000593471810089,
            "max": 3.471900089206066,
            "count": 3
        },
        "MazeAgent.Policy.CuriosityValueEstimate.mean": {
            "value": 0.03321735933423042,
            "min": 0.0321207121014595,
            "max": 0.036516737192869186,
            "count": 3
        },
        "MazeAgent.Policy.ExtrinsicValueEstimate.mean": {
            "value": -0.020328732207417488,
            "min": -0.14643901586532593,
            "max": -0.020328732207417488,
            "count": 3
        },
        "MazeAgent.Environment.CumulativeReward.mean": {
            "value": -0.029993996928621525,
            "min": -0.2193727606413452,
            "max": -0.029993996928621525,
            "count": 3
        },
        "MazeAgent.Policy.CuriosityReward.mean": {
            "value": 0.0004693886784800034,
            "min": 0.0004693886784800034,
            "max": 0.0032168662554629196,
            "count": 3
        },
        "MazeAgent.Policy.ExtrinsicReward.mean": {
            "value": -0.029993996928621525,
            "min": -0.2193727606413452,
            "max": -0.029993996928621525,
            "count": 3
        },
        "MazeAgent.Losses.PolicyLoss.mean": {
            "value": 0.1310554119059816,
            "min": 0.1310554119059816,
            "max": 0.1392477017320823,
            "count": 3
        },
        "MazeAgent.Losses.ValueLoss.mean": {
            "value": 3.739989032662076e-05,
            "min": 3.739989032662076e-05,
            "max": 0.08212684850541178,
            "count": 3
        },
        "MazeAgent.Policy.LearningRate.mean": {
            "value": 0.00029974908808363726,
            "min": 0.00029974908808363726,
            "max": 0.00029994800528048945,
            "count": 3
        },
        "MazeAgent.Policy.Epsilon.mean": {
            "value": 0.19991636266666665,
            "min": 0.19991636266666665,
            "max": 0.19998266842105264,
            "count": 3
        },
        "MazeAgent.Policy.Beta.mean": {
            "value": 0.004995826497066666,
            "min": 0.004995826497066666,
            "max": 0.004999135154210527,
            "count": 3
        },
        "MazeAgent.Losses.CuriosityForwardLoss.mean": {
            "value": 0.0005184320355207698,
            "min": 0.0005184320355207698,
            "max": 0.0059682320624823764,
            "count": 3
        },
        "MazeAgent.Losses.CuriosityInverseLoss.mean": {
            "value": 0.002333765226982602,
            "min": 0.002333765226982602,
            "max": 1.1859657895371416,
            "count": 3
        },
        "MazeAgent.IsTraining.mean": {
            "value": 1.0,
            "min": 1.0,
            "max": 1.0,
            "count": 3
        }
    },
    "metadata": {
        "timer_format_version": "0.1.0",
        "start_time_seconds": "1611782725",
        "python_version": "3.8.7 (tags/v3.8.7:6503f05, Dec 21 2020, 17:59:51) [MSC v.1928 64 bit (AMD64)]",
        "command_line_arguments": "E:\\Documents\\Unity Projects\\AI Game 2021\\venv\\Scripts\\mlagents-learn config/trainer_config.yaml --run-id=Maze_V2_14",
        "mlagents_version": "0.23.0",
        "mlagents_envs_version": "0.23.0",
        "communication_protocol_version": "1.3.0",
        "pytorch_version": "1.7.0+cu110",
        "numpy_version": "1.18.5",
        "end_time_seconds": "1611782957"
    },
    "total": 232.06783639999998,
    "count": 1,
    "self": 0.007107899999994061,
    "children": {
        "run_training.setup": {
            "total": 0.009549499999999878,
            "count": 1,
            "self": 0.009549499999999878
        },
        "TrainerController.start_learning": {
            "total": 232.051179,
            "count": 1,
            "self": 0.4291016999989665,
            "children": {
                "TrainerController._reset_env": {
                    "total": 6.843497000000001,
                    "count": 1,
                    "self": 6.843497000000001
                },
                "TrainerController.advance": {
                    "total": 224.594034600001,
                    "count": 16934,
                    "self": 0.20417010000292635,
                    "children": {
                        "env_step": {
                            "total": 224.38986449999808,
                            "count": 16934,
                            "self": 157.9123234999958,
                            "children": {
                                "SubprocessEnvManager._take_step": {
                                    "total": 66.17761700000116,
                                    "count": 16934,
                                    "self": 0.9944441000012034,
                                    "children": {
                                        "TorchPolicy.evaluate": {
                                            "total": 65.18317289999996,
                                            "count": 16934,
                                            "self": 18.83012320000026,
                                            "children": {
                                                "TorchPolicy.sample_actions": {
                                                    "total": 46.3530496999997,
                                                    "count": 16934,
                                                    "self": 46.3530496999997
                                                }
                                            }
                                        }
                                    }
                                },
                                "workers": {
                                    "total": 0.29992400000111985,
                                    "count": 16933,
                                    "self": 0.0,
                                    "children": {
                                        "worker_root": {
                                            "total": 226.09632040000014,
                                            "count": 16933,
                                            "is_parallel": true,
                                            "self": 106.05372420000309,
                                            "children": {
                                                "steps_from_proto": {
                                                    "total": 0.017526200000000713,
                                                    "count": 1,
                                                    "is_parallel": true,
                                                    "self": 0.00024160000000073012,
                                                    "children": {
                                                        "_process_visual_observation": {
                                                            "total": 0.017284599999999983,
                                                            "count": 2,
                                                            "is_parallel": true,
                                                            "self": 2.4900000000549483e-05,
                                                            "children": {
                                                                "observation_to_np_array": {
                                                                    "total": 0.017259699999999434,
                                                                    "count": 1,
                                                                    "is_parallel": true,
                                                                    "self": 3.129999999895716e-05,