{
    "name": "root",
    "gauges": {
        "MazeAgent.Policy.Entropy.mean": {
            "value": -0.4370294511318207,
            "min": -0.4370294511318207,
            "max": -0.4370294511318207,
            "count": 1
        },
        "MazeAgent.Environment.EpisodeLength.mean": {
            "value": 57.30113636363637,
            "min": 57.30113636363637,
            "max": 57.30113636363637,
            "count": 1
        },
        "MazeAgent.Policy.ExtrinsicValueEstimate.mean": {
            "value": -0.5648695230484009,
            "min": -0.5648695230484009,
            "max": -0.5648695230484009,
            "count": 1
        },
        "MazeAgent.Policy.GailValueEstimate.mean": {
            "value": 4.317768096923828,
            "min": 4.317768096923828,
            "max": 4.317768096923828,
            "count": 1
        },
        "MazeAgent.Environment.CumulativeReward.mean": {
            "value": -1.0,
            "min": -1.0,
            "max": -1.0,
            "count": 1
        },
        "MazeAgent.Policy.ExtrinsicReward.mean": {
            "value": -1.0,
            "min": -1.0,
            "max": -1.0,
            "count": 1
        },
        "MazeAgent.Policy.GailReward.mean": {
            "value": 53.76643805353549,
            "min": 53.76643805353549,
            "max": 53.76643805353549,
            "count": 1
        },
        "MazeAgent.Losses.PolicyLoss.mean": {
            "value": 0.3341603456567925,
            "min": 0.3341603456567925,
            "max": 0.3341603456567925,
            "count": 1
        },
        "MazeAgent.Losses.ValueLoss.mean": {
            "value": 264.50591590830396,
            "min": 264.50591590830396,
            "max": 264.50591590830396,
            "count": 1
        },
        "MazeAgent.Policy.LearningRate.mean": {
            "value": 0.0002970161152803428,
            "min": 0.0002970161152803428,
            "max": 0.0002970161152803428,
            "count": 1
        },
        "MazeAgent.Policy.Epsilon.mean": {
            "value": 0.19900537142857141,
            "min": 0.19900537142857141,
            "max": 0.19900537142857141,
            "count": 1
        },
        "MazeAgent.Policy.Beta.mean": {
            "value": 0.00049512632,
            "min": 0.00049512632,
            "max": 0.00049512632,
            "count": 1
        },
        "MazeAgent.Policy.GAILPolicyEstimate.mean": {
            "value": 0.3438648981583564,
            "min": 0.3438648981583564,
            "max": 0.3438648981583564,
            "count": 1
        },
        "MazeAgent.Policy.GAILExpertEstimate.mean": {
            "value": 0.6741602473966208,
            "min": 0.6741602473966208,
            "max": 0.6741602473966208,
            "count": 1
        },
        "MazeAgent.Losses.GAILLoss.mean": {
            "value": 1.026500873953863,
            "min": 1.026500873953863,
            "max": 1.026500873953863,
            "count": 1
        },
        "MazeAgent.Policy.GAILGradMagLoss.mean": {
            "value": 5.634331281033113,
            "min": 5.634331281033113,
            "max": 5.634331281033113,
            "count": 1
        },
        "MazeAgent.Losses.PretrainingLoss.mean": {
            "value": 0.12221049556258543,
            "min": 0.12221049556258543,
            "max": 0.12221049556258543,
            "count": 1
        },
        "MazeAgent.IsTraining.mean": {
            "value": 1.0,
            "min": 1.0,
            "max": 1.0,
            "count": 1
        }
    },
    "metadata": {
        "timer_format_version": "0.1.0",
        "start_time_seconds": "1610736176",
        "python_version": "3.8.7 (tags/v3.8.7:6503f05, Dec 21 2020, 17:59:51) [MSC v.1928 64 bit (AMD64)]",
        "command_line_arguments": "E:\\Documents\\Unity Projects\\AI Game 2021\\venv\\Scripts\\mlagents-learn config/maze_agent_c.yaml --run-id=Maze01_imit06",
        "mlagents_version": "0.23.0",
        "mlagents_envs_version": "0.23.0",
        "communication_protocol_version": "1.3.0",
        "pytorch_version": "1.7.0+cu110",
        "numpy_version": "1.18.5",
        "end_time_seconds": "1610740684"
    },
    "total": 4507.7421199,
    "count": 1,
    "self": 0.007469799998943927,
    "children": {
        "run_training.setup": {
            "total": 0.00942299999999996,
            "count": 1,
            "self": 0.00942299999999996
        },
        "TrainerController.start_learning": {
            "total": 4507.725227100001,
            "count": 1,
            "self": 1.5324957999919206,
            "children": {
                "TrainerController._reset_env": {
                    "total": 954.7165282,
                    "count": 1,
                    "self": 6.952027099999896,
                    "children": {
                        "demo_to_buffer": {
                            "total": 947.7645011000001,
                            "count": 2,
                            "self": 8.480351500000097,
                            "children": {
                                "load_demonstration": {
                                    "total": 730.7528226000001,
                                    "count": 2,
                                    "self": 730.3748853000001,
                                    "children": {
                                        "read_file": {
                                            "total": 0.3779372999999726,
                                            "count": 2,
                                            "self": 0.3779372999999726
                                        }
                                    }
                                },
                                "make_demo_buffer": {
                                    "total": 208.53132699999992,
                                    "count": 2,
                                    "self": 10.319782399992562,
                                    "children": {
                                        "steps_from_proto": {
                                            "total": 198.21154460000736,
                                            "count": 181060,
                                            "self": 13.235852999992517,
                                            "children": {
                                                "_process_visual_observation": {
                                                    "total": 184.97569160001484,
                                                    "count": 362120,
                                                    "self": 3.909836899995298,
                                                    "children": {
                                                        "observation_to_np_array": {
                                                            "total": 181.06585470001954,
                                                            "count": 181060,
                                                            "self": 181.06585470001954
                                                        }
                                                    }
                                                }
                                            }
                                        }
                                    }
                                }
                            }
                        }
                    }
                },
                "TrainerController.advance": {
                    "total": 3551.3231037000087,
                    "count": 19934,
                    "self": 0.2574560999469213,
                    "children": {
                        "env_step": {
                            "total": 3551.0656476000618,
                            "count": 19934,
                            "self": 3477.977412400058,
                            "children": {
                                "SubprocessEnvManager._take_step": {
                                    "total": 72.79549939998833,