{
    "name": "root",
    "gauges": {
        "MazeAgent.Policy.Entropy.mean": {
            "value": 0.0015847894828766584,
            "min": 0.0015847894828766584,
            "max": 0.015263281762599945,
            "count": 7
        },
        "MazeAgent.Policy.CuriosityValueEstimate.mean": {
            "value": 0.035202886909246445,
            "min": 0.035202886909246445,
            "max": 0.34773892164230347,
            "count": 7
        },
        "MazeAgent.Policy.ExtrinsicValueEstimate.mean": {
            "value": -0.942030668258667,
            "min": -0.942030668258667,
            "max": 0.13083158433437347,
            "count": 7
        },
        "MazeAgent.Environment.EpisodeLength.mean": {
            "value": 99.0,
            "min": 95.23076923076923,
            "max": 99.0,
            "count": 7
        },
        "MazeAgent.Environment.CumulativeReward.mean": {
            "value": -0.9999998807907104,
            "min": -0.9999998807907104,
            "max": -0.9234614234704238,
            "count": 7
        },
        "MazeAgent.Policy.CuriosityReward.mean": {
            "value": 0.007415036801994575,
            "min": 0.005075447186398236,
            "max": 0.018241504361402233,
            "count": 7
        },
        "MazeAgent.Policy.ExtrinsicReward.mean": {
            "value": -0.9999998807907104,
            "min": -0.9999998807907104,
            "max": -0.9234614234704238,
            "count": 7
        },
        "MazeAgent.Losses.PolicyLoss.mean": {
            "value": 0.14410530377284894,
            "min": 0.12055303110240924,
            "max": 0.15914486868211628,
            "count": 7
        },
        "MazeAgent.Losses.ValueLoss.mean": {
            "value": 6.736802879359917e-05,
            "min": 6.736802879359917e-05,
            "max": 0.004256124856448165,
            "count": 7
        },
        "MazeAgent.Policy.LearningRate.mean": {
            "value": 0.00029914914028361997,
            "min": 0.00029914914028361997,
            "max": 0.0002997404458008038,
            "count": 7
        },
        "MazeAgent.Policy.Epsilon.mean": {
            "value": 0.19971638,
            "min": 0.19971638,
            "max": 0.1999134819047619,
            "count": 7
        },
        "MazeAgent.Policy.Beta.mean": {
            "value": 0.004985847362,
            "min": 0.004985847362,
            "max": 0.004995682747047619,
            "count": 7
        },
        "MazeAgent.Losses.CuriosityForwardLoss.mean": {
            "value": 7.230624839923348e-05,
            "min": 5.4195748844202866e-05,
            "max": 0.0002342273576713615,
            "count": 7
        },
        "MazeAgent.Losses.CuriosityInverseLoss.mean": {
            "value": 0.0005916683819186543,
            "min": 1.3266186680482777e-05,
            "max": 0.0035372920236585305,
            "count": 7
        },
        "MazeAgent.IsTraining.mean": {
            "value": 1.0,
            "min": 1.0,
            "max": 1.0,
            "count": 7
        }
    },
    "metadata": {
        "timer_format_version": "0.1.0",
        "start_time_seconds": "1612254582",
        "python_version": "3.8.7 (tags/v3.8.7:6503f05, Dec 21 2020, 17:59:51) [MSC v.1928 64 bit (AMD64)]",
        "command_line_arguments": "E:\\Documents\\Unity Projects\\AI Game 2021\\venv\\Scripts\\mlagents-learn config/trainer_config.yaml --run-id=Maze_V2_20 --resume",
        "mlagents_version": "0.23.0",
        "mlagents_envs_version": "0.23.0",
        "communication_protocol_version": "1.3.0",
        "pytorch_version": "1.7.0+cu110",
        "numpy_version": "1.18.5",
        "end_time_seconds": "1612255032"
    },
    "total": 449.8593395,
    "count": 1,
    "self": 0.009592900000029658,
    "children": {
        "run_training.setup": {
            "total": 0.019647799999999993,
            "count": 1,
            "self": 0.019647799999999993
        },
        "TrainerController.start_learning": {
            "total": 449.8300988,
            "count": 1,
            "self": 1.3536834000054228,
            "children": {
                "TrainerController._reset_env": {
                    "total": 7.366626,
                    "count": 1,
                    "self": 7.366626
                },
                "TrainerController.advance": {
                    "total": 440.94842289999457,
                    "count": 35178,
                    "self": 0.42179229999931067,
                    "children": {
                        "env_step": {
                            "total": 440.52663059999526,
                            "count": 35178,
                            "self": 305.7407912999945,
                            "children": {
                                "SubprocessEnvManager._take_step": {
                                    "total": 134.15479869999834,
                                    "count": 35178,
                                    "self": 2.11669909999668,
                                    "children": {
                                        "TorchPolicy.evaluate": {
                                            "total": 132.03809960000166,
                                            "count": 34851,
                                            "self": 40.32735990000478,
                                            "children": {
                                                "TorchPolicy.sample_actions": {
                                                    "total": 91.71073969999688,
                                                    "count": 34851,
                                                    "self": 91.71073969999688
                                                }
                                            }
                                        }
                                    }
                                },
                                "workers": {
                                    "total": 0.6310406000024216,
                                    "count": 35177,
                                    "self": 0.0,
                                    "children": {
                                        "worker_root": {
                                            "total": 442.3923995999961,
                                            "count": 35177,
                                            "is_parallel": true,
                                            "self": 175.8614815999935,
                                            "children": {
                                                "steps_from_proto": {
                                                    "total": 0.017895900000000076,
                                                    "count": 1,
                                                    "is_parallel": true,
                                                    "self": 0.00023109999999970654,
                                                    "children": {
                                                        "_process_visual_observation": {
                                                            "total": 0.01766480000000037,
                                                            "count": 2,
                                                            "is_parallel": true,
                                                            "self": 2.5700000000128398e-05,
                                                            "children": {
                                                                "observation_to_np_array": {
                                                                    "total": 0.01763910000000024,
                                                                    "count": 1,
                                                                    "is_parallel": true,
                                                                    "self": 3.659999999960917e-05,