{
    "name": "root",
    "metadata": {
        "timer_format_version": "0.1.0",
        "start_time_seconds": "1610811211",
        "python_version": "3.8.7 (tags/v3.8.7:6503f05, Dec 21 2020, 17:59:51) [MSC v.1928 64 bit (AMD64)]",
        "command_line_arguments": "E:\\Documents\\Unity Projects\\AI Game 2021\\venv\\Scripts\\mlagents-learn config/trainer_config.yaml --run-id=Maze16_07",
        "mlagents_version": "0.23.0",
        "mlagents_envs_version": "0.23.0",
        "communication_protocol_version": "1.3.0",
        "pytorch_version": "1.7.0+cu110",
        "numpy_version": "1.18.5",
        "end_time_seconds": "1610812615"
    },
    "total": 1404.6998302,
    "count": 1,
    "self": 0.008991499999865482,
    "children": {
        "run_training.setup": {
            "total": 0.010871999999999993,
            "count": 1,
            "self": 0.010871999999999993
        },
        "TrainerController.start_learning": {
            "total": 1404.6799667,
            "count": 1,
            "self": 0.4694912000063596,
            "children": {
                "TrainerController._reset_env": {
                    "total": 70.6866748,
                    "count": 1,
                    "self": 7.200065100000003,
                    "children": {
                        "demo_to_buffer": {
                            "total": 63.4866097,
                            "count": 2,
                            "self": 0.18298350000000596,
                            "children": {
                                "load_demonstration": {
                                    "total": 50.879551899999996,
                                    "count": 2,
                                    "self": 50.8486681,
                                    "children": {
                                        "read_file": {
                                            "total": 0.030883799999999795,
                                            "count": 2,
                                            "self": 0.030883799999999795
                                        }
                                    }
                                },
                                "make_demo_buffer": {
                                    "total": 12.424074300000001,
                                    "count": 2,
                                    "self": 0.2820026999999712,
                                    "children": {
                                        "steps_from_proto": {
                                            "total": 12.14207160000003,
                                            "count": 4532,
                                            "self": 0.3117507000000117,
                                            "children": {
                                                "_process_visual_observation": {
                                                    "total": 11.830320900000018,
                                                    "count": 9064,
                                                    "self": 0.10466730000000979,
                                                    "children": {
                                                        "observation_to_np_array": {
                                                            "total": 11.725653600000008,
                                                            "count": 4532,
                                                            "self": 11.725653600000008
                                                        }
                                                    }
                                                }
                                            }
                                        }
                                    }
                                }
                            }
                        }
                    }
                },
                "TrainerController.advance": {
                    "total": 1333.1949683999935,
                    "count": 20130,
                    "self": 0.22660839999093696,
                    "children": {
                        "env_step": {
                            "total": 1332.9683600000026,
                            "count": 20130,
                            "self": 1277.9447557000026,
                            "children": {
                                "SubprocessEnvManager._take_step": {
                                    "total": 54.739432299995954,
                                    "count": 20130,
                                    "self": 1.221602999995099,
                                    "children": {
                                        "TorchPolicy.evaluate": {
                                            "total": 53.517829300000855,
                                            "count": 18947,
                                            "self": 16.41171350000539,
                                            "children": {
                                                "TorchPolicy.sample_actions": {
                                                    "total": 37.106115799995464,
                                                    "count": 18947,
                                                    "self": 37.106115799995464
                                                }
                                            }
                                        }
                                    }
                                },
                                "workers": {
                                    "total": 0.28417200000414766,
                                    "count": 20129,
                                    "self": 0.0,
                                    "children": {
                                        "worker_root": {
                                            "total": 1397.9712578999968,
                                            "count": 20129,
                                            "is_parallel": true,
                                            "self": 141.26346979999244,
                                            "children": {
                                                "steps_from_proto": {
                                                    "total": 0.002835099999999535,
                                                    "count": 1,
                                                    "is_parallel": true,
                                                    "self": 0.00019009999999930471,
                                                    "children": {
                                                        "_process_visual_observation": {
                                                            "total": 0.0026450000000002305,
                                                            "count": 2,
                                                            "is_parallel": true,
                                                            "self": 4.9200000000304556e-05,
                                                            "children": {
                                                                "observation_to_np_array": {
                                                                    "total": 0.002595799999999926,
                                                                    "count": 1,
                                                                    "is_parallel": true,
                                                                    "self": 0.002595799999999926
                                                                }
                                                            }
                                                        }
                                                    }
                                                },
                                                "UnityEnvironment.step": {
                                                    "total": 1256.7049530000043,