{"count":1,"self":7096.713216,"total":57268.0777371,"children":{"InitializeActuators":{"count":1,"self":0.0009999,"total":0.0009999,"children":null},"InitializeSensors":{"count":1,"self":0.0039992,"total":0.0039992,"children":null},"AgentSendState":{"count":3523951,"self":25.070555199999998,"total":1105.6448246,"children":{"CollectObservations":{"count":704791,"self":1.7683415999999998,"total":1.7683415999999998,"children":null},"CollectDiscreteActionMasks":{"count":704791,"self":1.8653752,"total":1.8653753,"children":null},"RequestDecision":{"count":704791,"self":7.2061288,"total":1076.9405529,"children":{"AgentInfo.ToProto":{"count":704791,"self":6.1199232,"total":1069.734424,"children":{"GenerateSensorData":{"count":704791,"self":113.9021568,"total":1063.6145007999999,"children":{"CameraSensor.WriteToTensor":{"count":704791,"self":905.8637824,"total":905.8637529,"children":null},"RayPerceptionSensor.Perceive":{"count":704791,"self":43.848592,"total":43.8485924,"children":null}}}}}}}}},"DecideAction":{"count":3523951,"self":48959.5142144,"total":48959.5134212,"children":null},"AgentAct":{"count":3523951,"self":51.8040832,"total":99.502821099999991,"children":{"AgentInfo.ToProto":{"count":30930,"self":0.2644312,"total":47.6987388,"children":{"GenerateSensorData":{"count":30930,"self":4.7523668,"total":47.4343076,"children":{"CameraSensor.WriteToTensor":{"count":30930,"self":40.70464,"total":40.7046412,"children":null},"RayPerceptionSensor.Perceive":{"count":30930,"self":1.9772995999999998,"total":1.9772995999999998,"children":null}}}}}}},"AgentInfo.ToProto":{"count":4258,"self":0.044978699999999996,"total":6.6965240999999995,"children":{"GenerateSensorData":{"count":4258,"self":0.6992236,"total":6.6515454,"children":{"CameraSensor.WriteToTensor":{"count":4258,"self":5.6854264,"total":5.6854265,"children":null},"RayPerceptionSensor.Perceive":{"count":4258,"self":0.2668953,"total":0.2668953,"children":null}}}}}},"gauges":{"MazeAgent.CumulativeReward":{"count":35188,"max":1.47600031,"min":-2.80699968,"runningAverage":0.06712114,"value":0.184999973,"weightedAverage":0.224037081}},"metadata":{"timer_format_version":"0.1.0","start_time_seconds":"1611332366","unity_version":"2020.1.9f1","command_line_arguments":"E:\\Program Files\\Unity\\2020.1.9f1\\Editor\\Unity.exe -projectpath E:\/Documents\/Unity Projects\/AI Game 2021 -useHub -hubIPC -cloudEnvironment production -hubSessionId 2631cf00-57f3-11eb-bc9a-37e19d59b33e -accessToken ITDBmZbGTw8NgrgsM7XRlpr2ZtQVISMJXc9iPEa4fJQ001f","communication_protocol_version":"1.2.0","com.unity.ml-agents_version":"1.5.0-preview","scene_name":"Scene Maze Game","end_time_seconds":"1611389633"}}