{"count":1,"self":6136.8569855999995,"total":20028.4226185,"children":{"InitializeActuators":{"count":1,"self":0.0019998,"total":0.0019998,"children":null},"InitializeSensors":{"count":1,"self":0.0009995,"total":0.0009995,"children":null},"AgentSendState":{"count":5927267,"self":34.8113824,"total":2567.1767520999997,"children":{"CollectObservations":{"count":1185454,"self":2.569244,"total":2.5692439,"children":null},"WriteActionMask":{"count":1185454,"self":3.5185731999999996,"total":3.5185733,"children":null},"RequestDecision":{"count":1185454,"self":17.1835328,"total":2526.2775521,"children":{"AgentInfo.ToProto":{"count":1185454,"self":10.7465104,"total":2509.0940195,"children":{"GenerateSensorData":{"count":1185454,"self":17.2333568,"total":2498.3475092,"children":{"GridSensor.GetCompressedObservation":{"count":1185454,"self":158.0926336,"total":2481.1141531,"children":{"GridSensor.Perceive":{"count":1185454,"self":2323.0216192,"total":2323.0215215999997,"children":null}}}}}}}}}}},"DecideAction":{"count":5927267,"self":10733.293568,"total":10733.293680699999,"children":null},"AgentAct":{"count":5927267,"self":23.6982304,"total":23.7142187,"children":{"AgentInfo.ToProto":{"count":10,"self":0,"total":0.0159884,"children":{"GenerateSensorData":{"count":10,"self":0,"total":0.0159884,"children":{"GridSensor.GetCompressedObservation":{"count":10,"self":0.0009992,"total":0.0159884,"children":{"GridSensor.Perceive":{"count":10,"self":0.0149892,"total":0.0149892,"children":null}}}}}}}}},"AgentInfo.ToProto":{"count":261383,"self":2.8832068,"total":555.5554774,"children":{"GenerateSensorData":{"count":261383,"self":3.9136903999999997,"total":552.67227059999993,"children":{"GridSensor.GetCompressedObservation":{"count":261383,"self":34.897756799999996,"total":548.7585802,"children":{"GridSensor.Perceive":{"count":261383,"self":513.8608128,"total":513.8608226,"children":null}}}}}}},"GridSensor.Perceive":{"count":6072,"self":11.821672,"total":11.8216717,"children":null}},"gauges":{"MazeAgent.CumulativeReward":{"count":261393,"max":0.99,"min":-1.89999938,"runningAverage":-0.5911978,"value":-1.04,"weightedAverage":-0.8596424}},"metadata":{"timer_format_version":"0.1.0","start_time_seconds":"1612255051","unity_version":"2020.1.9f1","command_line_arguments":"E:\\Program Files\\Unity\\2020.1.9f1\\Editor\\Unity.exe -projectpath E:\/Documents\/Unity Projects\/AI Game 2021 -useHub -hubIPC -cloudEnvironment production -hubSessionId 50c2aa90-6005-11eb-a221-a57011b201e2 -accessToken 2FUwvUJk6IQv_Rafbz0ptQm-mHqzI-Y29zAnTiFi7Hc001f","communication_protocol_version":"1.3.0","com.unity.ml-agents_version":"1.7.2-preview","scene_name":"Scene Maze Game","end_time_seconds":"1612275079"}}