{"count":1,"self":165.62986239999998,"total":10162.2442496,"children":{"InitializeActuators":{"count":4,"self":0.0009998,"total":0.0009998,"children":null},"InitializeSensors":{"count":4,"self":0.0019974999999999997,"total":0.0019974999999999997,"children":null},"AgentSendState":{"count":209117,"self":3.455516,"total":196.5316747,"children":{"CollectObservations":{"count":167296,"self":0.3660194,"total":0.3660194,"children":null},"CollectDiscreteActionMasks":{"count":167296,"self":0.3777756,"total":0.3777756,"children":null},"RequestDecision":{"count":167296,"self":1.4260739999999998,"total":192.3323638,"children":{"AgentInfo.ToProto":{"count":167296,"self":1.102954,"total":190.9062898,"children":{"GenerateSensorData":{"count":167296,"self":22.719576,"total":189.80333579999999,"children":{"CameraSensor.WriteToTensor":{"count":167296,"self":158.004928,"total":158.0049287,"children":null},"RayPerceptionSensor.Perceive":{"count":167296,"self":9.078832,"total":9.0788317,"children":null}}}}}}}}},"DecideAction":{"count":209117,"self":9793.4016512,"total":9793.4016411,"children":null},"AgentAct":{"count":209117,"self":2.489334,"total":3.2884499999999997,"children":{"AgentInfo.ToProto":{"count":510,"self":0.0029995,"total":0.79911599999999994,"children":{"GenerateSensorData":{"count":510,"self":0.069969099999999992,"total":0.7961165,"children":{"CameraSensor.WriteToTensor":{"count":510,"self":0.69420569999999993,"total":0.69420569999999993,"children":null},"RayPerceptionSensor.Perceive":{"count":510,"self":0.031941699999999996,"total":0.031941699999999996,"children":null}}}}}}},"AgentInfo.ToProto":{"count":2243,"self":0.0259696,"total":3.3896284999999997,"children":{"GenerateSensorData":{"count":2243,"self":0.32281119999999996,"total":3.3636589,"children":{"CameraSensor.WriteToTensor":{"count":2243,"self":2.8905171999999997,"total":2.8905173,"children":null},"RayPerceptionSensor.Perceive":{"count":2243,"self":0.1503304,"total":0.1503304,"children":null}}}}}},"gauges":{"MazeAgent.CumulativeReward":{"count":2753,"max":1.4350009,"min":-2.9090004,"runningAverage":-0.694801748,"value":0.001999773,"weightedAverage":-0.08587638}},"metadata":{"timer_format_version":"0.1.0","start_time_seconds":"1611148397","unity_version":"2020.1.9f1","command_line_arguments":"E:\\Program Files\\Unity\\2020.1.9f1\\Editor\\Unity.exe -projectpath E:\/Documents\/Unity Projects\/AI Game 2021 -useHub -hubIPC -cloudEnvironment production -hubSessionId 2631cf00-57f3-11eb-bc9a-37e19d59b33e -accessToken BXbi9042iVMpZXDDofCH6F9ob7y9K9v4m-HdkQ2gmno001f","communication_protocol_version":"1.2.0","com.unity.ml-agents_version":"1.5.0-preview","scene_name":"Scene Maze Game","end_time_seconds":"1611158559"}}