{
    "name": "root",
    "metadata": {
        "timer_format_version": "0.1.0",
        "start_time_seconds": "1611158556",
        "python_version": "3.8.7 (tags/v3.8.7:6503f05, Dec 21 2020, 17:59:51) [MSC v.1928 64 bit (AMD64)]",
        "command_line_arguments": "E:\\Documents\\Unity Projects\\AI Game 2021\\venv\\Scripts\\mlagents-learn config/trainer_sac.yaml --run-id=Maze16_20 --resume",
        "mlagents_version": "0.23.0",
        "mlagents_envs_version": "0.23.0",
        "communication_protocol_version": "1.3.0",
        "pytorch_version": "1.7.0+cu110",
        "numpy_version": "1.18.5",
        "end_time_seconds": "1611158954"
    },
    "total": 398.3324562,
    "count": 1,
    "self": 0.00813590000007025,
    "children": {
        "run_training.setup": {
            "total": 0.017003300000000054,
            "count": 1,
            "self": 0.017003300000000054
        },
        "TrainerController.start_learning": {
            "total": 398.30731699999995,
            "count": 1,
            "self": 0.026396900000008827,
            "children": {
                "TrainerController._reset_env": {
                    "total": 69.67970960000001,
                    "count": 1,
                    "self": 8.65740190000001,
                    "children": {
                        "demo_to_buffer": {
                            "total": 61.0223077,
                            "count": 1,
                            "self": 0.18249679999999557,
                            "children": {
                                "load_demonstration": {
                                    "total": 48.885260099999996,
                                    "count": 1,
                                    "self": 48.857381999999994,
                                    "children": {
                                        "read_file": {
                                            "total": 0.027878100000000572,
                                            "count": 1,
                                            "self": 0.027878100000000572
                                        }
                                    }
                                },
                                "make_demo_buffer": {
                                    "total": 11.954550800000007,
                                    "count": 1,
                                    "self": 0.3013576000000029,
                                    "children": {
                                        "steps_from_proto": {
                                            "total": 11.653193200000004,
                                            "count": 3998,
                                            "self": 0.33232780000017215,
                                            "children": {
                                                "_process_visual_observation": {
                                                    "total": 11.021106999999851,
                                                    "count": 7996,
                                                    "self": 0.1111915000001602,
                                                    "children": {
                                                        "observation_to_np_array": {
                                                            "total": 10.909915499999691,
                                                            "count": 3998,
                                                            "self": 10.909915499999691
                                                        }
                                                    }
                                                },
                                                "_process_vector_observation": {
                                                    "total": 0.29975839999998044,
                                                    "count": 7996,
                                                    "self": 0.29975839999998044
                                                }
                                            }
                                        }
                                    }
                                }
                            }
                        }
                    }
                },
                "TrainerController.advance": {
                    "total": 328.1411273999999,
                    "count": 1049,
                    "self": 0.012305099999707636,
                    "children": {
                        "env_step": {
                            "total": 328.1288223000002,
                            "count": 1049,
                            "self": 319.5821309999994,
                            "children": {
                                "SubprocessEnvManager._take_step": {
                                    "total": 8.529185899999987,
                                    "count": 1049,
                                    "self": 0.0803910999999431,
                                    "children": {
                                        "TorchPolicy.evaluate": {
                                            "total": 8.448794800000044,
                                            "count": 1011,
                                            "self": 3.7978753999996258,
                                            "children": {
                                                "TorchPolicy.sample_actions": {
                                                    "total": 4.650919400000419,
                                                    "count": 1011,
                                                    "self": 4.650919400000419
                                                }
                                            }
                                        }
                                    }
                                },
                                "workers": {
                                    "total": 0.017505400000814575,
                                    "count": 1048,
                                    "self": 0.0,
                                    "children": {
                                        "worker_root": {
                                            "total": 330.8534740000001,
                                            "count": 1048,
                                            "is_parallel": true,
                                            "self": 72.8616632999994,
                                            "children": {
                                                "steps_from_proto": {
                                                    "total": 0.010157099999999808,
                                                    "count": 1,
                                                    "is_parallel": true,
                                                    "self": 0.00011080000000163182,
                                                    "children": {
                                                        "_process_visual_observation": {
                                                            "total": 0.009839699999998786,
                                                            "count": 2,
                                                            "is_parallel": true,
                                                            "self": 7.519999999772153e-05,
                                                            "children": {
                                                                "observation_to_np_array": {
                                                                    "total": 0.009764500000001064,
                                                                    "count": 4,
                                                                    "is_parallel": true,