{
    "name": "root",
    "gauges": {
        "MazeAgent.Policy.Entropy.mean": {
            "value": 1.2066797018051147,
            "min": 1.2066797018051147,
            "max": 1.2247025966644287,
            "count": 7
        },
        "MazeAgent.Environment.EpisodeLength.mean": {
            "value": 125.375,
            "min": 56.074074074074076,
            "max": 125.375,
            "count": 7
        },
        "MazeAgent.Policy.GailValue.mean": {
            "value": 66.29198455810547,
            "min": 51.22478103637695,
            "max": 66.29198455810547,
            "count": 7
        },
        "MazeAgent.Policy.ExtrinsicValue.mean": {
            "value": 13.164512634277344,
            "min": 11.694416999816895,
            "max": 13.164512634277344,
            "count": 7
        },
        "MazeAgent.Environment.CumulativeReward.mean": {
            "value": -0.6902500744909048,
            "min": -0.7904783215211786,
            "max": -0.5170556124713686,
            "count": 7
        },
        "MazeAgent.Policy.GailReward.mean": {
            "value": 992.9116154909134,
            "min": 408.9834720171415,
            "max": 992.9116154909134,
            "count": 7
        },
        "MazeAgent.Policy.ExtrinsicReward.mean": {
            "value": -0.6902500744909048,
            "min": -0.7904783215211786,
            "max": -0.5170556124713686,
            "count": 7
        },
        "MazeAgent.Losses.PolicyLoss.mean": {
            "value": -39.49354290111572,
            "min": -39.49354290111572,
            "max": -31.266613707260852,
            "count": 7
        },
        "MazeAgent.Losses.ValueLoss.mean": {
            "value": 0.20287490208615375,
            "min": 0.19571971577957217,
            "max": 0.302642519619831,
            "count": 7
        },
        "MazeAgent.Losses.Q1Loss.mean": {
            "value": 0.10591487564231244,
            "min": 0.09327801831900083,
            "max": 0.22926628997257734,
            "count": 7
        },
        "MazeAgent.Losses.Q2Loss.mean": {
            "value": 0.09191646173029779,
            "min": 0.09053923776292065,
            "max": 0.16752866661072036,
            "count": 7
        },
        "MazeAgent.Policy.ContinuousEntropyCoeff.mean": {
            "value": 0.8828245438947775,
            "min": 0.8828245438947775,
            "max": 0.9965555278067194,
            "count": 7
        },
        "MazeAgent.Policy.LearningRate.mean": {
            "value": 0.00030000000000000003,
            "min": 0.0003,
            "max": 0.0003000000000000002,
            "count": 7
        },
        "MazeAgent.Policy.GAILPolicyEstimate.mean": {
            "value": 1.0,
            "min": 1.0,
            "max": 1.0,
            "count": 7
        },
        "MazeAgent.Policy.GAILExpertEstimate.mean": {
            "value": 1.0,
            "min": 1.0,
            "max": 1.0,
            "count": 7
        },
        "MazeAgent.Losses.GAILLoss.mean": {
            "value": 16.11809539794922,
            "min": 16.11809539794922,
            "max": 16.11809539794922,
            "count": 7
        },
        "MazeAgent.Policy.GAILGradMagLoss.mean": {
            "value": 9.993677139282227,
            "min": 9.993677139282227,
            "max": 9.993677139282227,
            "count": 7
        },
        "MazeAgent.IsTraining.mean": {
            "value": 1.0,
            "min": 1.0,
            "max": 1.0,
            "count": 7
        }
    },
    "metadata": {
        "timer_format_version": "0.1.0",
        "start_time_seconds": "1611159376",
        "python_version": "3.8.7 (tags/v3.8.7:6503f05, Dec 21 2020, 17:59:51) [MSC v.1928 64 bit (AMD64)]",
        "command_line_arguments": "E:\\Documents\\Unity Projects\\AI Game 2021\\venv\\Scripts\\mlagents-learn config/trainer_sac.yaml --run-id=Maze16_20 --resume",
        "mlagents_version": "0.23.0",
        "mlagents_envs_version": "0.23.0",
        "communication_protocol_version": "1.3.0",
        "pytorch_version": "1.7.0+cu110",
        "numpy_version": "1.18.5",
        "end_time_seconds": "1611160415"
    },
    "total": 1039.2078718999999,
    "count": 1,
    "self": 0.007791899999801899,
    "children": {
        "run_training.setup": {
            "total": 0.016649399999999925,
            "count": 1,
            "self": 0.016649399999999925
        },
        "TrainerController.start_learning": {
            "total": 1039.1834306,
            "count": 1,
            "self": 0.10999320000269108,
            "children": {
                "TrainerController._reset_env": {
                    "total": 67.1408884,
                    "count": 1,
                    "self": 7.352692199999993,
                    "children": {
                        "demo_to_buffer": {
                            "total": 59.7881962,
                            "count": 1,
                            "self": 0.1837311000000028,
                            "children": {
                                "load_demonstration": {
                                    "total": 48.3798747,
                                    "count": 1,
                                    "self": 48.3519768,
                                    "children": {
                                        "read_file": {
                                            "total": 0.02789790000000103,
                                            "count": 1,
                                            "self": 0.02789790000000103
                                        }
                                    }
                                },
                                "make_demo_buffer": {
                                    "total": 11.224590399999997,
                                    "count": 1,
                                    "self": 0.27778880000022355,
                                    "children": {
                                        "steps_from_proto": {
                                            "total": 10.946801599999773,
                                            "count": 3998,
                                            "self": 0.311539499999526,
                                            "children": {
                                                "_process_visual_observation": {
                                                    "total": 10.363288800000113,
                                                    "count": 7996,
                                                    "self": 0.09695940000029424,
                                                    "children": {
                                                        "observation_to_np_array": {
                                                            "total": 10.266329399999819,
                                                            "count": 3998,
                                                            "self": 10.266329399999819
                                                        }
                                                    }
                                                },
                                                "_process_vector_observation": {
                                                    "total": 0.2719733000001341,
                                                    "count": 7996,
                                                    "self": 0.2719733000001341
                                                }
                                            }
                                        }
                                    }
                                }
                            }
                        }
                    }
                },
                "TrainerController.advance": {
                    "total": 971.5540917999973,
                    "count": 4049,
                    "self": 0.05093239999666821,