{
    "name": "root",
    "metadata": {
        "timer_format_version": "0.1.0",
        "start_time_seconds": "1610744238",
        "python_version": "3.8.7 (tags/v3.8.7:6503f05, Dec 21 2020, 17:59:51) [MSC v.1928 64 bit (AMD64)]",
        "command_line_arguments": "E:\\Documents\\Unity Projects\\AI Game 2021\\venv\\Scripts\\mlagents-learn config/maze_agent_c.yaml --initialize-from=Maze01_imit08 --run-id=Maze01_imit09",
        "mlagents_version": "0.23.0",
        "mlagents_envs_version": "0.23.0",
        "communication_protocol_version": "1.3.0",
        "pytorch_version": "1.7.0+cu110",
        "numpy_version": "1.18.5",
        "end_time_seconds": "1610749839"
    },
    "total": 5600.5869981000005,
    "count": 1,
    "self": 0.0072092000000338885,
    "children": {
        "run_training.setup": {
            "total": 0.009921499999999916,
            "count": 1,
            "self": 0.009921499999999916
        },
        "TrainerController.start_learning": {
            "total": 5600.5698674000005,
            "count": 1,
            "self": 0.7739218999149671,
            "children": {
                "TrainerController._reset_env": {
                    "total": 20.0310927,
                    "count": 1,
                    "self": 8.086852899999998,
                    "children": {
                        "demo_to_buffer": {
                            "total": 11.9442398,
                            "count": 2,
                            "self": 0.03379780000000032,
                            "children": {
                                "load_demonstration": {
                                    "total": 9.3221884,
                                    "count": 2,
                                    "self": 9.3164507,
                                    "children": {
                                        "read_file": {
                                            "total": 0.00573769999999918,
                                            "count": 2,
                                            "self": 0.00573769999999918
                                        }
                                    }
                                },
                                "make_demo_buffer": {
                                    "total": 2.5882536,
                                    "count": 2,
                                    "self": 0.12844619999997953,
                                    "children": {
                                        "steps_from_proto": {
                                            "total": 2.4598074000000203,
                                            "count": 2444,
                                            "self": 0.16283670000007078,
                                            "children": {
                                                "_process_visual_observation": {
                                                    "total": 2.2969706999999495,
                                                    "count": 4888,
                                                    "self": 0.04924759999986428,
                                                    "children": {
                                                        "observation_to_np_array": {
                                                            "total": 2.2477231000000852,
                                                            "count": 2444,
                                                            "self": 2.2477231000000852
                                                        }
                                                    }
                                                }
                                            }
                                        }
                                    }
                                }
                            }
                        }
                    }
                },
                "TrainerController.advance": {
                    "total": 5579.581687100085,
                    "count": 30848,
                    "self": 0.37549520004267833,
                    "children": {
                        "env_step": {
                            "total": 5579.2061919000425,
                            "count": 30848,
                            "self": 5488.335582000027,
                            "children": {
                                "SubprocessEnvManager._take_step": {
                                    "total": 90.39356159998013,
                                    "count": 30848,
                                    "self": 2.0647506000190106,
                                    "children": {
                                        "TorchPolicy.evaluate": {
                                            "total": 88.32881099996112,
                                            "count": 29031,
                                            "self": 23.919844499938506,
                                            "children": {
                                                "TorchPolicy.sample_actions": {
                                                    "total": 64.40896650002261,
                                                    "count": 29031,
                                                    "self": 64.40896650002261
                                                }
                                            }
                                        }
                                    }
                                },
                                "workers": {
                                    "total": 0.47704830003565846,
                                    "count": 30847,
                                    "self": 0.0,
                                    "children": {
                                        "worker_root": {
                                            "total": 5532.901676900005,
                                            "count": 30847,
                                            "is_parallel": true,
                                            "self": 150.18897559999823,
                                            "children": {
                                                "steps_from_proto": {
                                                    "total": 0.00828560000000067,
                                                    "count": 1,
                                                    "is_parallel": true,
                                                    "self": 0.0001857000000002884,
                                                    "children": {
                                                        "_process_visual_observation": {
                                                            "total": 0.008099900000000382,
                                                            "count": 2,
                                                            "is_parallel": true,
                                                            "self": 0.0001230000000003173,
                                                            "children": {
                                                                "observation_to_np_array": {
                                                                    "total": 0.007976900000000064,
                                                                    "count": 9,
                                                                    "is_parallel": true,
                                                                    "self": 0.007976900000000064
                                                                }
                                                            }
                                                        }
                                                    }
                                                },
                                                "UnityEnvironment.step": {
                                                    "total": 5382.704415700007,