{
    "name": "root",
    "gauges": {
        "MazeAgent.Policy.Entropy.mean": {
            "value": 0.2473756968975067,
            "min": 0.2473756968975067,
            "max": 0.2473756968975067,
            "count": 1
        },
        "MazeAgent.Policy.ExtrinsicValueEstimate.mean": {
            "value": -0.977808952331543,
            "min": -0.977808952331543,
            "max": -0.977808952331543,
            "count": 1
        },
        "MazeAgent.Policy.GailValueEstimate.mean": {
            "value": 0.008696583099663258,
            "min": 0.008696583099663258,
            "max": 0.008696583099663258,
            "count": 1
        },
        "MazeAgent.Environment.EpisodeLength.mean": {
            "value": 529.2857142857143,
            "min": 529.2857142857143,
            "max": 529.2857142857143,
            "count": 1
        },
        "MazeAgent.Environment.CumulativeReward.mean": {
            "value": -6.017142227717808,
            "min": -6.017142227717808,
            "max": -6.017142227717808,
            "count": 1
        },
        "MazeAgent.Policy.ExtrinsicReward.mean": {
            "value": -6.017142227717808,
            "min": -6.017142227717808,
            "max": -6.017142227717808,
            "count": 1
        },
        "MazeAgent.Policy.GailReward.mean": {
            "value": 0.016955084281757342,
            "min": 0.016955084281757342,
            "max": 0.016955084281757342,
            "count": 1
        },
        "MazeAgent.Losses.PolicyLoss.mean": {
            "value": 0.07123593928545345,
            "min": 0.07123593928545345,
            "max": 0.07123593928545345,
            "count": 1
        },
        "MazeAgent.Losses.ValueLoss.mean": {
            "value": 0.00013183354984690077,
            "min": 0.00013183354984690077,
            "max": 0.00013183354984690077,
            "count": 1
        },
        "MazeAgent.Policy.LearningRate.mean": {
            "value": 0.00025326841557719995,
            "min": 0.00025326841557719995,
            "max": 0.00025326841557719995,
            "count": 1
        },
        "MazeAgent.Policy.Epsilon.mean": {
            "value": 0.18442280000000003,
            "min": 0.18442280000000003,
            "max": 0.18442280000000003,
            "count": 1
        },
        "MazeAgent.Policy.Beta.mean": {
            "value": 0.00042367172,
            "min": 0.00042367172,
            "max": 0.00042367172,
            "count": 1
        },
        "MazeAgent.Policy.GAILPolicyEstimate.mean": {
            "value": 1.0224208448805235e-05,
            "min": 1.0224208448805235e-05,
            "max": 1.0224208448805235e-05,
            "count": 1
        },
        "MazeAgent.Policy.GAILExpertEstimate.mean": {
            "value": 0.9999765591856874,
            "min": 0.9999765591856874,
            "max": 0.9999765591856874,
            "count": 1
        },
        "MazeAgent.Losses.GAILLoss.mean": {
            "value": 3.34394487873694e-05,
            "min": 3.34394487873694e-05,
            "max": 3.34394487873694e-05,
            "count": 1
        },
        "MazeAgent.Policy.GAILGradMagLoss.mean": {
            "value": 0.007993877537686515,
            "min": 0.007993877537686515,
            "max": 0.007993877537686515,
            "count": 1
        },
        "MazeAgent.Losses.PretrainingLoss.mean": {
            "value": 0.04379760966532761,
            "min": 0.04379760966532761,
            "max": 0.04379760966532761,
            "count": 1
        },
        "MazeAgent.IsTraining.mean": {
            "value": 1.0,
            "min": 1.0,
            "max": 1.0,
            "count": 1
        }
    },
    "metadata": {
        "timer_format_version": "0.1.0",
        "start_time_seconds": "1610753945",
        "python_version": "3.8.7 (tags/v3.8.7:6503f05, Dec 21 2020, 17:59:51) [MSC v.1928 64 bit (AMD64)]",
        "command_line_arguments": "E:\\Documents\\Unity Projects\\AI Game 2021\\venv\\Scripts\\mlagents-learn config/maze_agent_c.yaml --run-id=Maze01_imit10 --resume",
        "mlagents_version": "0.23.0",
        "mlagents_envs_version": "0.23.0",
        "communication_protocol_version": "1.3.0",
        "pytorch_version": "1.7.0+cu110",
        "numpy_version": "1.18.5",
        "end_time_seconds": "1610754494"
    },
    "total": 549.1415698999999,
    "count": 1,
    "self": 0.011542699999949946,
    "children": {
        "run_training.setup": {
            "total": 0.017800499999999886,
            "count": 1,
            "self": 0.017800499999999886
        },
        "TrainerController.start_learning": {
            "total": 549.1122267,
            "count": 1,
            "self": 0.2901414000009481,
            "children": {
                "TrainerController._reset_env": {
                    "total": 19.7492631,
                    "count": 1,
                    "self": 4.988808200000001,
                    "children": {
                        "demo_to_buffer": {
                            "total": 14.7604549,
                            "count": 2,
                            "self": 0.04032940000000096,
                            "children": {
                                "load_demonstration": {
                                    "total": 11.4754683,
                                    "count": 2,
                                    "self": 11.469221899999999,
                                    "children": {
                                        "read_file": {
                                            "total": 0.006246400000000207,
                                            "count": 2,
                                            "self": 0.006246400000000207
                                        }
                                    }
                                },
                                "make_demo_buffer": {
                                    "total": 3.244657199999999,
                                    "count": 2,
                                    "self": 0.16009449999997827,
                                    "children": {
                                        "steps_from_proto": {
                                            "total": 3.0845627000000206,
                                            "count": 2948,
                                            "self": 0.21555369999994412,
                                            "children": {
                                                "_process_visual_observation": {
                                                    "total": 2.7080841000000397,
                                                    "count": 5896,
                                                    "self": 0.05939870000008973,
                                                    "children": {
                                                        "observation_to_np_array": {
                                                            "total": 2.64868539999995,
                                                            "count": 2948,
                                                            "self": 2.64868539999995
                                                        }
                                                    }
                                                },
                                                "_process_vector_observation": {
                                                    "total": 0.16092490000003679,
                                                    "count": 5896,
                                                    "self": 0.16092490000003679
                                                }
                                            }
                                        }
                                    }
                                }
                            }
                        }
                    }
                },