{
    "name": "root",
    "gauges": {
        "MazeAgent.Policy.Entropy.mean": {
            "value": 0.018193338066339493,
            "min": 0.0033436391968280077,
            "max": 1.6068977117538452,
            "count": 237
        },
        "MazeAgent.Environment.EpisodeLength.mean": {
            "value": 3.781070745697897,
            "min": 2.0990159901599017,
            "max": 11.229828850855746,
            "count": 237
        },
        "MazeAgent.Policy.CuriosityValueEstimate.mean": {
            "value": 27.231857299804688,
            "min": 0.1337125450372696,
            "max": 42.95768356323242,
            "count": 237
        },
        "MazeAgent.Policy.ExtrinsicValueEstimate.mean": {
            "value": -0.46242955327033997,
            "min": -0.9070578813552856,
            "max": -0.3824261724948883,
            "count": 237
        },
        "MazeAgent.Environment.CumulativeReward.mean": {
            "value": -0.4938623041313419,
            "min": -1.004656847639411,
            "max": -0.4081817894632166,
            "count": 237
        },
        "MazeAgent.Policy.CuriosityReward.mean": {
            "value": 0.000638890590305693,
            "min": 5.014341233170014e-05,
            "max": 0.32510852196540396,
            "count": 237
        },
        "MazeAgent.Policy.ExtrinsicReward.mean": {
            "value": -0.4938623041313419,
            "min": -1.004656847639411,
            "max": -0.4081817894632166,
            "count": 237
        },
        "MazeAgent.Losses.PolicyLoss.mean": {
            "value": 0.12471561554590598,
            "min": 0.12002956196553431,
            "max": 0.14415110068900197,
            "count": 237
        },
        "MazeAgent.Losses.ValueLoss.mean": {
            "value": 0.050136648103305786,
            "min": 0.0016377486083097449,
            "max": 0.08374454821214863,
            "count": 237
        },
        "MazeAgent.Policy.LearningRate.mean": {
            "value": 0.000276351174198734,
            "min": 0.000276351174198734,
            "max": 0.00029994907223919817,
            "count": 237
        },
        "MazeAgent.Policy.Epsilon.mean": {
            "value": 0.1921170554385965,
            "min": 0.1921170554385965,
            "max": 0.19998302407407412,
            "count": 237
        },
        "MazeAgent.Policy.Beta.mean": {
            "value": 0.004606641066385964,
            "min": 0.004606641066385964,
            "max": 0.004999152901296297,
            "count": 237
        },
        "MazeAgent.Losses.CuriosityForwardLoss.mean": {
            "value": 0.000400507490523619,
            "min": 3.775062110004289e-05,
            "max": 0.10060413103717693,
            "count": 237
        },
        "MazeAgent.Losses.CuriosityInverseLoss.mean": {
            "value": 0.000813228045590738,
            "min": 5.856716589441771e-07,
            "max": 1.531471124861711,
            "count": 237
        },
        "MazeAgent.IsTraining.mean": {
            "value": 1.0,
            "min": 1.0,
            "max": 1.0,
            "count": 237
        }
    },
    "metadata": {
        "timer_format_version": "0.1.0",
        "start_time_seconds": "1612255045",
        "python_version": "3.8.7 (tags/v3.8.7:6503f05, Dec 21 2020, 17:59:51) [MSC v.1928 64 bit (AMD64)]",
        "command_line_arguments": "E:\\Documents\\Unity Projects\\AI Game 2021\\venv\\Scripts\\mlagents-learn config/trainer_config.yaml --run-id=Maze_V2_21",
        "mlagents_version": "0.23.0",
        "mlagents_envs_version": "0.23.0",
        "communication_protocol_version": "1.3.0",
        "pytorch_version": "1.7.0+cu110",
        "numpy_version": "1.18.5",
        "end_time_seconds": "1612275079"
    },
    "total": 20033.871505299998,
    "count": 1,
    "self": 0.011806599999545142,
    "children": {
        "run_training.setup": {
            "total": 0.010435399999999984,
            "count": 1,
            "self": 0.010435399999999984
        },
        "TrainerController.start_learning": {
            "total": 20033.8492633,
            "count": 1,
            "self": 39.184058099854155,
            "children": {
                "TrainerController._reset_env": {
                    "total": 7.8828532,
                    "count": 1,
                    "self": 7.8828532
                },
                "TrainerController.advance": {
                    "total": 19986.581934000144,
                    "count": 1446843,
                    "self": 18.438706399803777,
                    "children": {
                        "env_step": {
                            "total": 19968.14322760034,
                            "count": 1446843,
                            "self": 15339.13413339918,
                            "children": {
                                "SubprocessEnvManager._take_step": {
                                    "total": 4601.888670701293,
                                    "count": 1446843,
                                    "self": 75.7187014012743,
                                    "children": {
                                        "TorchPolicy.evaluate": {
                                            "total": 4526.169969300019,
                                            "count": 1185451,
                                            "self": 1377.5886152004296,
                                            "children": {
                                                "TorchPolicy.sample_actions": {
                                                    "total": 3148.5813540995896,
                                                    "count": 1185451,
                                                    "self": 3148.5813540995896
                                                }
                                            }
                                        }
                                    }
                                },
                                "workers": {
                                    "total": 27.120423499864984,
                                    "count": 1446842,
                                    "self": 0.0,
                                    "children": {
                                        "worker_root": {
                                            "total": 19978.95566700065,
                                            "count": 1446842,
                                            "is_parallel": true,
                                            "self": 6328.347886900616,
                                            "children": {
                                                "steps_from_proto": {
                                                    "total": 0.017879100000000037,
                                                    "count": 1,
                                                    "is_parallel": true,
                                                    "self": 0.00020979999999948262,
                                                    "children": {
                                                        "_process_visual_observation": {
                                                            "total": 0.017669300000000554,
                                                            "count": 2,
                                                            "is_parallel": true,
                                                            "self": 2.5200000001390777e-05,
                                                            "children": {
                                                                "observation_to_np_array": {
                                                                    "total": 0.017644099999999163,
                                                                    "count": 1,
                                                                    "is_parallel": true,
                                                                    "self": 2.669999999849182e-05,