{
    "name": "root",
    "gauges": {
        "MazeAgent.Policy.Entropy.mean": {
            "value": -1.760035514831543,
            "min": -1.760035514831543,
            "max": 1.1691092252731323,
            "count": 31
        },
        "MazeAgent.Environment.EpisodeLength.mean": {
            "value": 179.72881355932202,
            "min": 74.4812030075188,
            "max": 303.4,
            "count": 31
        },
        "MazeAgent.Policy.ExtrinsicValueEstimate.mean": {
            "value": -0.4330861568450928,
            "min": -0.7708192467689514,
            "max": -0.01773873157799244,
            "count": 31
        },
        "MazeAgent.Policy.GailValueEstimate.mean": {
            "value": 797.1135864257812,
            "min": 2.8697617053985596,
            "max": 799.2840576171875,
            "count": 31
        },
        "MazeAgent.Environment.CumulativeReward.mean": {
            "value": -0.9310344827586207,
            "min": -1.0,
            "max": -0.9310344827586207,
            "count": 31
        },
        "MazeAgent.Policy.ExtrinsicReward.mean": {
            "value": -0.9310344827586207,
            "min": -1.0,
            "max": -0.9310344827586207,
            "count": 31
        },
        "MazeAgent.Policy.GailReward.mean": {
            "value": 1395.2334565129772,
            "min": 11.34648807850408,
            "max": 1847.2726302513709,
            "count": 31
        },
        "MazeAgent.Losses.PolicyLoss.mean": {
            "value": 0.31452508551536207,
            "min": 0.23491009713553837,
            "max": 0.42214037288432643,
            "count": 31
        },
        "MazeAgent.Losses.ValueLoss.mean": {
            "value": 6.298884040753206,
            "min": 4.3319890841592,
            "max": 12534.975760518151,
            "count": 31
        },
        "MazeAgent.Policy.LearningRate.mean": {
            "value": 0.00011697390100872,
            "min": 0.00011697390100872,
            "max": 0.00029727801908914546,
            "count": 31
        },
        "MazeAgent.Policy.Epsilon.mean": {
            "value": 0.13899128,
            "min": 0.13899128,
            "max": 0.1990926727272727,
            "count": 31
        },
        "MazeAgent.Policy.Beta.mean": {
            "value": 0.000201057272,
            "min": 0.000201057272,
            "max": 0.0004955540963636364,
            "count": 31
        },
        "MazeAgent.Policy.GAILPolicyEstimate.mean": {
            "value": 1.0,
            "min": 0.023137363063331303,
            "max": 1.0,
            "count": 31
        },
        "MazeAgent.Policy.GAILExpertEstimate.mean": {
            "value": 1.0,
            "min": 0.8921665280996262,
            "max": 1.0,
            "count": 31
        },
        "MazeAgent.Losses.GAILLoss.mean": {
            "value": 16.11809539794922,
            "min": 0.05125490549302318,
            "max": 16.11809539794922,
            "count": 31
        },
        "MazeAgent.Policy.GAILGradMagLoss.mean": {
            "value": 9.993677139282227,
            "min": 0.4725301767177062,
            "max": 9.993677139282227,
            "count": 31
        },
        "MazeAgent.Losses.PretrainingLoss.mean": {
            "value": 0.022195277284713787,
            "min": 0.022195277284713787,
            "max": 0.6350979943829046,
            "count": 31
        },
        "MazeAgent.IsTraining.mean": {
            "value": 1.0,
            "min": 1.0,
            "max": 1.0,
            "count": 31
        }
    },
    "metadata": {
        "timer_format_version": "0.1.0",
        "start_time_seconds": "1610726225",
        "python_version": "3.8.7 (tags/v3.8.7:6503f05, Dec 21 2020, 17:59:51) [MSC v.1928 64 bit (AMD64)]",
        "command_line_arguments": "E:\\Documents\\Unity Projects\\AI Game 2021\\venv\\Scripts\\mlagents-learn config/maze_agent_c.yaml --run-id=Maze01_imit03",
        "mlagents_version": "0.23.0",
        "mlagents_envs_version": "0.23.0",
        "communication_protocol_version": "1.3.0",
        "pytorch_version": "1.7.0+cu110",
        "numpy_version": "1.18.5",
        "end_time_seconds": "1610734862"
    },
    "total": 8637.0239864,
    "count": 1,
    "self": 0.007540599999629194,
    "children": {
        "run_training.setup": {
            "total": 0.027126399999999995,
            "count": 1,
            "self": 0.027126399999999995
        },
        "TrainerController.start_learning": {
            "total": 8636.9893194,
            "count": 1,
            "self": 9.288384399613278,
            "children": {
                "TrainerController._reset_env": {
                    "total": 62.45782750000001,
                    "count": 1,
                    "self": 6.8443604000000136,
                    "children": {
                        "demo_to_buffer": {
                            "total": 55.613467099999994,
                            "count": 2,
                            "self": 0.2285997999999836,
                            "children": {
                                "load_demonstration": {
                                    "total": 43.382687000000004,
                                    "count": 2,
                                    "self": 43.3568547,
                                    "children": {
                                        "read_file": {
                                            "total": 0.025832300000002917,
                                            "count": 2,
                                            "self": 0.025832300000002917
                                        }
                                    }
                                },
                                "make_demo_buffer": {
                                    "total": 12.002180300000006,
                                    "count": 2,
                                    "self": 0.626509000000496,
                                    "children": {
                                        "steps_from_proto": {
                                            "total": 11.37567129999951,
                                            "count": 11780,
                                            "self": 0.780333100000135,
                                            "children": {
                                                "_process_visual_observation": {
                                                    "total": 10.595338199999375,
                                                    "count": 23560,
                                                    "self": 0.23363019999987955,
                                                    "children": {
                                                        "observation_to_np_array": {
                                                            "total": 10.361707999999496,
                                                            "count": 11780,
                                                            "self": 10.361707999999496
                                                        }
                                                    }
                                                }
                                            }
                                        }
                                    }
                                }
                            }
                        }
                    }
                },
                "TrainerController.advance": {
                    "total": 8565.091631400386,
                    "count": 312467,
                    "self": 3.6624047001841973,
                    "children": {
                        "env_step": {
                            "total": 8561.429226700202,
                            "count": 312467,
                            "self": 7571.200811101062,
                            "children": {
                                "SubprocessEnvManager._take_step": {
                                    "total": 985.5280005996835,