{
    "name": "root",
    "metadata": {
        "timer_format_version": "0.1.0",
        "start_time_seconds": "1610816330",
        "python_version": "3.8.7 (tags/v3.8.7:6503f05, Dec 21 2020, 17:59:51) [MSC v.1928 64 bit (AMD64)]",
        "command_line_arguments": "E:\\Documents\\Unity Projects\\AI Game 2021\\venv\\Scripts\\mlagents-learn --run-id=Maze16_14",
        "mlagents_version": "0.23.0",
        "mlagents_envs_version": "0.23.0",
        "communication_protocol_version": "1.3.0",
        "pytorch_version": "1.7.0+cu110",
        "numpy_version": "1.18.5",
        "end_time_seconds": "1610816376"
    },
    "total": 46.6927788,
    "count": 1,
    "self": 0.003860799999998221,
    "children": {
        "run_training.setup": {
            "total": 0.009433999999999942,
            "count": 1,
            "self": 0.009433999999999942
        },
        "TrainerController.start_learning": {
            "total": 46.679484,
            "count": 1,
            "self": 0.001955000000009477,
            "children": {
                "TrainerController._reset_env": {
                    "total": 8.3733199,
                    "count": 1,
                    "self": 8.3733199
                },
                "TrainerController.advance": {
                    "total": 38.120548799999995,
                    "count": 4,
                    "self": 4.979999999932261e-05,
                    "children": {
                        "env_step": {
                            "total": 38.120498999999995,
                            "count": 4,
                            "self": 37.248325699999995,
                            "children": {
                                "SubprocessEnvManager._take_step": {
                                    "total": 0.8721326999999981,
                                    "count": 4,
                                    "self": 0.0003399999999995629,
                                    "children": {
                                        "TorchPolicy.evaluate": {
                                            "total": 0.8717926999999985,
                                            "count": 4,
                                            "self": 0.028968199999999555,
                                            "children": {
                                                "TorchPolicy.sample_actions": {
                                                    "total": 0.842824499999999,
                                                    "count": 4,
                                                    "self": 0.842824499999999
                                                }
                                            }
                                        }
                                    }
                                },
                                "workers": {
                                    "total": 4.0600000001944636e-05,
                                    "count": 3,
                                    "self": 0.0,
                                    "children": {
                                        "worker_root": {
                                            "total": 2.5774133999999993,
                                            "count": 3,
                                            "is_parallel": true,
                                            "self": 2.3940898000000006,
                                            "children": {
                                                "steps_from_proto": {
                                                    "total": 0.00303529999999963,
                                                    "count": 1,
                                                    "is_parallel": true,
                                                    "self": 0.0001844999999986996,
                                                    "children": {
                                                        "_process_visual_observation": {
                                                            "total": 0.0028508000000009304,
                                                            "count": 2,
                                                            "is_parallel": true,
                                                            "self": 4.390000000054073e-05,
                                                            "children": {
                                                                "observation_to_np_array": {
                                                                    "total": 0.0028069000000003896,
                                                                    "count": 1,
                                                                    "is_parallel": true,
                                                                    "self": 0.0028069000000003896
                                                                }
                                                            }
                                                        }
                                                    }
                                                },
                                                "UnityEnvironment.step": {
                                                    "total": 0.18028829999999907,
                                                    "count": 3,
                                                    "is_parallel": true,
                                                    "self": 0.0003473000000013826,
                                                    "children": {
                                                        "UnityEnvironment._generate_step_input": {
                                                            "total": 0.0005006999999999096,
                                                            "count": 3,
                                                            "is_parallel": true,
                                                            "self": 0.0005006999999999096
                                                        },
                                                        "communicator.exchange": {
                                                            "total": 0.17097349999999878,
                                                            "count": 3,
                                                            "is_parallel": true,
                                                            "self": 0.17097349999999878
                                                        },
                                                        "steps_from_proto": {
                                                            "total": 0.008466799999998997,
                                                            "count": 3,
                                                            "is_parallel": true,
                                                            "self": 0.0004098999999975206,
                                                            "children": {
                                                                "_process_visual_observation": {
                                                                    "total": 0.008056900000001477,
                                                                    "count": 6,
                                                                    "is_parallel": true,
                                                                    "self": 0.00010400000000032605,
                                                                    "children": {
                                                                        "observation_to_np_array": {
                                                                            "total": 0.00795290000000115,
                                                                            "count": 3,
                                                                            "is_parallel": true,