{
    "name": "root",
    "gauges": {
        "MazeAgent.Policy.Entropy.mean": {
            "value": 0.24169817566871643,
            "min": 0.1989833414554596,
            "max": 0.3083256483078003,
            "count": 44
        },
        "MazeAgent.Environment.EpisodeLength.mean": {
            "value": 5.9255172413793105,
            "min": 5.213483146067416,
            "max": 6.622881355932203,
            "count": 44
        },
        "MazeAgent.Policy.CuriosityValueEstimate.mean": {
            "value": 6397447680.0,
            "min": 368569856.0,
            "max": 6397447680.0,
            "count": 44
        },
        "MazeAgent.Policy.ExtrinsicValueEstimate.mean": {
            "value": -45435.546875,
            "min": -45435.546875,
            "max": 151645.09375,
            "count": 44
        },
        "MazeAgent.Environment.CumulativeReward.mean": {
            "value": -0.7969543752498811,
            "min": -0.8287918060974292,
            "max": -0.740471103043415,
            "count": 44
        },
        "MazeAgent.Policy.CuriosityReward.mean": {
            "value": 0.014206865641631747,
            "min": 0.011008284742916551,
            "max": 0.015959286141868208,
            "count": 44
        },
        "MazeAgent.Policy.ExtrinsicReward.mean": {
            "value": -0.7969543752498811,
            "min": -0.8287918060974292,
            "max": -0.740471103043415,
            "count": 44
        },
        "MazeAgent.Losses.PolicyLoss.mean": {
            "value": 0.13619110470212867,
            "min": 0.12001407674442853,
            "max": 0.14274860597732994,
            "count": 44
        },
        "MazeAgent.Losses.ValueLoss.mean": {
            "value": 9.291560358300694e+17,
            "min": 2763169779591850.5,
            "max": 9.291560358300694e+17,
            "count": 44
        },
        "MazeAgent.Policy.LearningRate.mean": {
            "value": 0.0002771500918271649,
            "min": 0.0002771500918271649,
            "max": 0.0002814176928607711,
            "count": 44
        },
        "MazeAgent.Policy.Epsilon.mean": {
            "value": 0.19238336140350876,
            "min": 0.19238336140350876,
            "max": 0.19380589555555558,
            "count": 44
        },
        "MazeAgent.Policy.Beta.mean": {
            "value": 0.004619929734035088,
            "min": 0.004619929734035088,
            "max": 0.0046909141882222226,
            "count": 44
        },
        "MazeAgent.Losses.CuriosityForwardLoss.mean": {
            "value": 0.019528304844514646,
            "min": 0.015799229855346902,
            "max": 0.021000217511563713,
            "count": 44
        },
        "MazeAgent.Losses.CuriosityInverseLoss.mean": {
            "value": 0.019284493251904535,
            "min": 0.010081658385455806,
            "max": 0.0340089634558816,
            "count": 44
        },
        "MazeAgent.IsTraining.mean": {
            "value": 1.0,
            "min": 1.0,
            "max": 1.0,
            "count": 44
        }
    },
    "metadata": {
        "timer_format_version": "0.1.0",
        "start_time_seconds": "1611770714",
        "python_version": "3.8.7 (tags/v3.8.7:6503f05, Dec 21 2020, 17:59:51) [MSC v.1928 64 bit (AMD64)]",
        "command_line_arguments": "E:\\Documents\\Unity Projects\\AI Game 2021\\venv\\Scripts\\mlagents-learn config/trainer_config.yaml --run-id=Maze_V2_12 --resume",
        "mlagents_version": "0.23.0",
        "mlagents_envs_version": "0.23.0",
        "communication_protocol_version": "1.3.0",
        "pytorch_version": "1.7.0+cu110",
        "numpy_version": "1.18.5",
        "end_time_seconds": "1611771934"
    },
    "total": 1219.4252588000002,
    "count": 1,
    "self": 0.005960800000366362,
    "children": {
        "run_training.setup": {
            "total": 0.015306000000000042,
            "count": 1,
            "self": 0.015306000000000042
        },
        "TrainerController.start_learning": {
            "total": 1219.4039919999998,
            "count": 1,
            "self": 2.112803000007716,
            "children": {
                "TrainerController._reset_env": {
                    "total": 6.808582499999999,
                    "count": 1,
                    "self": 6.808582499999999
                },
                "TrainerController.advance": {
                    "total": 1210.370812099992,
                    "count": 40701,
                    "self": 0.5409824000084882,
                    "children": {
                        "env_step": {
                            "total": 1209.8298296999835,
                            "count": 40701,
                            "self": 1041.4035011999754,
                            "children": {
                                "SubprocessEnvManager._take_step": {
                                    "total": 167.6700038000168,
                                    "count": 40701,
                                    "self": 2.498167400031946,
                                    "children": {
                                        "TorchPolicy.evaluate": {
                                            "total": 165.17183639998484,
                                            "count": 40701,
                                            "self": 48.06400909998459,
                                            "children": {
                                                "TorchPolicy.sample_actions": {
                                                    "total": 117.10782730000025,
                                                    "count": 40701,
                                                    "self": 117.10782730000025
                                                }
                                            }
                                        }
                                    }
                                },
                                "workers": {
                                    "total": 0.756324699991433,
                                    "count": 40700,
                                    "self": 0.0,
                                    "children": {
                                        "worker_root": {
                                            "total": 1211.7347741999913,
                                            "count": 40700,
                                            "is_parallel": true,
                                            "self": 653.6659721999941,
                                            "children": {
                                                "steps_from_proto": {
                                                    "total": 0.01745410000000014,
                                                    "count": 1,
                                                    "is_parallel": true,
                                                    "self": 0.00021750000000064773,
                                                    "children": {
                                                        "_process_visual_observation": {
                                                            "total": 0.01723659999999949,
                                                            "count": 2,
                                                            "is_parallel": true,
                                                            "self": 3.400000000031156e-05,
                                                            "children": {
                                                                "observation_to_np_array": {
                                                                    "total": 0.01720259999999918,
                                                                    "count": 1,
                                                                    "is_parallel": true,
                                                                    "self": 3.709999999923497e-05,