{
    "name": "root",
    "metadata": {
        "timer_format_version": "0.1.0",
        "start_time_seconds": "1610816097",
        "python_version": "3.8.7 (tags/v3.8.7:6503f05, Dec 21 2020, 17:59:51) [MSC v.1928 64 bit (AMD64)]",
        "command_line_arguments": "E:\\Documents\\Unity Projects\\AI Game 2021\\venv\\Scripts\\mlagents-learn --run-id=Maze16_12",
        "mlagents_version": "0.23.0",
        "mlagents_envs_version": "0.23.0",
        "communication_protocol_version": "1.3.0",
        "pytorch_version": "1.7.0+cu110",
        "numpy_version": "1.18.5",
        "end_time_seconds": "1610816166"
    },
    "total": 69.2096188,
    "count": 1,
    "self": 0.004933699999995156,
    "children": {
        "run_training.setup": {
            "total": 0.009343699999999844,
            "count": 1,
            "self": 0.009343699999999844
        },
        "TrainerController.start_learning": {
            "total": 69.1953414,
            "count": 1,
            "self": 0.0003910000000217906,
            "children": {
                "TrainerController._reset_env": {
                    "total": 7.9635622999999995,
                    "count": 1,
                    "self": 7.9635622999999995
                },
                "TrainerController.advance": {
                    "total": 61.0606399,
                    "count": 4,
                    "self": 5.090000000507189e-05,
                    "children": {
                        "env_step": {
                            "total": 61.06058899999999,
                            "count": 4,
                            "self": 60.18421029999999,
                            "children": {
                                "SubprocessEnvManager._take_step": {
                                    "total": 0.8763372999999994,
                                    "count": 4,
                                    "self": 0.0003110999999975661,
                                    "children": {
                                        "TorchPolicy.evaluate": {
                                            "total": 0.8760262000000019,
                                            "count": 4,
                                            "self": 0.02892710000000065,
                                            "children": {
                                                "TorchPolicy.sample_actions": {
                                                    "total": 0.8470991000000012,
                                                    "count": 4,
                                                    "self": 0.8470991000000012
                                                }
                                            }
                                        }
                                    }
                                },
                                "workers": {
                                    "total": 4.140000000063537e-05,
                                    "count": 3,
                                    "self": 0.0,
                                    "children": {
                                        "worker_root": {
                                            "total": 2.556808000000001,
                                            "count": 3,
                                            "is_parallel": true,
                                            "self": 2.375605600000002,
                                            "children": {
                                                "steps_from_proto": {
                                                    "total": 0.0029221000000001496,
                                                    "count": 1,
                                                    "is_parallel": true,
                                                    "self": 0.0001849000000007095,
                                                    "children": {
                                                        "_process_visual_observation": {
                                                            "total": 0.00273719999999944,
                                                            "count": 2,
                                                            "is_parallel": true,
                                                            "self": 5.2799999998853764e-05,
                                                            "children": {
                                                                "observation_to_np_array": {
                                                                    "total": 0.0026844000000005863,
                                                                    "count": 1,
                                                                    "is_parallel": true,
                                                                    "self": 0.0026844000000005863
                                                                }
                                                            }
                                                        }
                                                    }
                                                },
                                                "UnityEnvironment.step": {
                                                    "total": 0.17828029999999906,
                                                    "count": 3,
                                                    "is_parallel": true,
                                                    "self": 0.0003303999999992868,
                                                    "children": {
                                                        "UnityEnvironment._generate_step_input": {
                                                            "total": 0.0004883000000006632,
                                                            "count": 3,
                                                            "is_parallel": true,
                                                            "self": 0.0004883000000006632
                                                        },
                                                        "communicator.exchange": {
                                                            "total": 0.16902749999999855,
                                                            "count": 3,
                                                            "is_parallel": true,
                                                            "self": 0.16902749999999855
                                                        },
                                                        "steps_from_proto": {
                                                            "total": 0.008434100000000555,
                                                            "count": 3,
                                                            "is_parallel": true,
                                                            "self": 0.0003627000000001601,
                                                            "children": {
                                                                "_process_visual_observation": {
                                                                    "total": 0.008071400000000395,
                                                                    "count": 6,
                                                                    "is_parallel": true,
                                                                    "self": 9.399999999892827e-05,
                                                                    "children": {
                                                                        "observation_to_np_array": {
                                                                            "total": 0.007977400000001467,
                                                                            "count": 3,
                                                                            "is_parallel": true,