{
    "name": "root",
    "metadata": {
        "timer_format_version": "0.1.0",
        "start_time_seconds": "1610724997",
        "python_version": "3.8.7 (tags/v3.8.7:6503f05, Dec 21 2020, 17:59:51) [MSC v.1928 64 bit (AMD64)]",
        "command_line_arguments": "E:\\Documents\\Unity Projects\\AI Game 2021\\venv\\Scripts\\mlagents-learn config/maze_agent_c.yaml --run-id=Maze01_imit01",
        "mlagents_version": "0.23.0",
        "mlagents_envs_version": "0.23.0",
        "communication_protocol_version": "1.3.0",
        "pytorch_version": "1.7.0+cu110",
        "numpy_version": "1.18.5",
        "end_time_seconds": "1610725687"
    },
    "total": 689.4458211,
    "count": 1,
    "self": 0.013659400000051392,
    "children": {
        "run_training.setup": {
            "total": 0.010582700000000056,
            "count": 1,
            "self": 0.010582700000000056
        },
        "TrainerController.start_learning": {
            "total": 689.421579,
            "count": 1,
            "self": 0.5628074000024981,
            "children": {
                "TrainerController._reset_env": {
                    "total": 23.04132,
                    "count": 1,
                    "self": 23.04132
                },
                "TrainerController.advance": {
                    "total": 664.8926389999974,
                    "count": 24351,
                    "self": 0.25162000000477747,
                    "children": {
                        "env_step": {
                            "total": 664.6410189999926,
                            "count": 24351,
                            "self": 580.5686166999958,
                            "children": {
                                "SubprocessEnvManager._take_step": {
                                    "total": 83.73412109999785,
                                    "count": 24351,
                                    "self": 1.5426055000022103,
                                    "children": {
                                        "TorchPolicy.evaluate": {
                                            "total": 82.19151559999564,
                                            "count": 24351,
                                            "self": 21.585413899998642,
                                            "children": {
                                                "TorchPolicy.sample_actions": {
                                                    "total": 60.606101699997,
                                                    "count": 24351,
                                                    "self": 60.606101699997
                                                }
                                            }
                                        }
                                    }
                                },
                                "workers": {
                                    "total": 0.3382811999990025,
                                    "count": 24350,
                                    "self": 0.0,
                                    "children": {
                                        "worker_root": {
                                            "total": 680.1113234999991,
                                            "count": 24350,
                                            "is_parallel": true,
                                            "self": 123.61663170000418,
                                            "children": {
                                                "steps_from_proto": {
                                                    "total": 0.0012924000000005265,
                                                    "count": 1,
                                                    "is_parallel": true,
                                                    "self": 0.0002743000000000606,
                                                    "children": {
                                                        "_process_visual_observation": {
                                                            "total": 0.0010181000000004659,
                                                            "count": 2,
                                                            "is_parallel": true,
                                                            "self": 4.610000000049297e-05,
                                                            "children": {
                                                                "observation_to_np_array": {
                                                                    "total": 0.0009719999999999729,
                                                                    "count": 1,
                                                                    "is_parallel": true,
                                                                    "self": 0.0009719999999999729
                                                                }
                                                            }
                                                        }
                                                    }
                                                },
                                                "UnityEnvironment.step": {
                                                    "total": 556.4933993999949,
                                                    "count": 24350,
                                                    "is_parallel": true,
                                                    "self": 1.9588331999848378,
                                                    "children": {
                                                        "UnityEnvironment._generate_step_input": {
                                                            "total": 3.629271500003412,
                                                            "count": 24350,
                                                            "is_parallel": true,
                                                            "self": 3.629271500003412
                                                        },
                                                        "communicator.exchange": {
                                                            "total": 525.6667120000094,
                                                            "count": 24350,
                                                            "is_parallel": true,
                                                            "self": 525.6667120000094
                                                        },
                                                        "steps_from_proto": {
                                                            "total": 25.238582699997323,
                                                            "count": 24350,
                                                            "is_parallel": true,
                                                            "self": 3.0373646999984842,
                                                            "children": {
                                                                "_process_visual_observation": {
                                                                    "total": 22.20121799999884,
                                                                    "count": 48700,
                                                                    "is_parallel": true,
                                                                    "self": 0.7559446000018966,
                                                                    "children": {
                                                                        "observation_to_np_array": {
                                                                            "total": 21.445273399996942,
                                                                            "count": 24581,
                                                                            "is_parallel": true,