{
    "name": "root",
    "gauges": {
        "PlayerControl.Policy.Entropy.mean": {
            "value": 1.414670705795288,
            "min": 1.414670705795288,
            "max": 1.414670705795288,
            "count": 1
        },
        "PlayerControl.Policy.ExtrinsicValueEstimate.mean": {
            "value": 0.028616290539503098,
            "min": 0.028616290539503098,
            "max": 0.028616290539503098,
            "count": 1
        },
        "PlayerControl.Environment.EpisodeLength.mean": {
            "value": 40.56525353283458,
            "min": 40.56525353283458,
            "max": 40.56525353283458,
            "count": 1
        },
        "PlayerControl.Environment.CumulativeReward.mean": {
            "value": 0.5574043261231281,
            "min": 0.5574043261231281,
            "max": 0.5574043261231281,
            "count": 1
        },
        "PlayerControl.Policy.ExtrinsicReward.mean": {
            "value": 0.5574043261231281,
            "min": 0.5574043261231281,
            "max": 0.5574043261231281,
            "count": 1
        },
        "PlayerControl.Losses.PolicyLoss.mean": {
            "value": 0.02404475014579172,
            "min": 0.02404475014579172,
            "max": 0.02404475014579172,
            "count": 1
        },
        "PlayerControl.Losses.ValueLoss.mean": {
            "value": 0.1530356517682473,
            "min": 0.1530356517682473,
            "max": 0.1530356517682473,
            "count": 1
        },
        "PlayerControl.Policy.LearningRate.mean": {
            "value": 0.00028458720513760004,
            "min": 0.00028458720513760004,
            "max": 0.00028458720513760004,
            "count": 1
        },
        "PlayerControl.Policy.Epsilon.mean": {
            "value": 0.19486240000000002,
            "min": 0.19486240000000002,
            "max": 0.19486240000000002,
            "count": 1
        },
        "PlayerControl.Policy.Beta.mean": {
            "value": 0.004743633759999999,
            "min": 0.004743633759999999,
            "max": 0.004743633759999999,
            "count": 1
        },
        "PlayerControl.IsTraining.mean": {
            "value": 1.0,
            "min": 1.0,
            "max": 1.0,
            "count": 1
        }
    },
    "metadata": {
        "timer_format_version": "0.1.0",
        "start_time_seconds": "1610467051",
        "python_version": "3.8.7 (tags/v3.8.7:6503f05, Dec 21 2020, 17:59:51) [MSC v.1928 64 bit (AMD64)]",
        "command_line_arguments": "E:\\Documents\\Unity Projects\\AI Game 2021\\venv\\Scripts\\mlagents-learn --run-id=test1",
        "mlagents_version": "0.23.0",
        "mlagents_envs_version": "0.23.0",
        "communication_protocol_version": "1.3.0",
        "pytorch_version": "1.7.0+cu110",
        "numpy_version": "1.18.5",
        "end_time_seconds": "1610468210"
    },
    "total": 1159.3665769,
    "count": 1,
    "self": 0.00420839999992495,
    "children": {
        "run_training.setup": {
            "total": 0.08953260000000007,
            "count": 1,
            "self": 0.08953260000000007
        },
        "TrainerController.start_learning": {
            "total": 1159.2728359,
            "count": 1,
            "self": 2.3951182000107565,
            "children": {
                "TrainerController._reset_env": {
                    "total": 27.403486699999995,
                    "count": 1,
                    "self": 27.403486699999995
                },
                "TrainerController.advance": {
                    "total": 1128.549384099989,
                    "count": 96771,
                    "self": 1.1971604000138996,
                    "children": {
                        "env_step": {
                            "total": 1127.3522236999752,
                            "count": 96771,
                            "self": 901.3368968999525,
                            "children": {
                                "SubprocessEnvManager._take_step": {
                                    "total": 224.73886100001226,
                                    "count": 96771,
                                    "self": 6.284979599988276,
                                    "children": {
                                        "TorchPolicy.evaluate": {
                                            "total": 218.453881400024,
                                            "count": 94001,
                                            "self": 77.56789650002776,
                                            "children": {
                                                "TorchPolicy.sample_actions": {
                                                    "total": 140.88598489999623,
                                                    "count": 94001,
                                                    "self": 140.88598489999623
                                                }
                                            }
                                        }
                                    }
                                },
                                "workers": {
                                    "total": 1.2764658000103921,
                                    "count": 96770,
                                    "self": 0.0,
                                    "children": {
                                        "worker_root": {
                                            "total": 1135.1535697999948,
                                            "count": 96770,
                                            "is_parallel": true,
                                            "self": 327.1353716999844,
                                            "children": {
                                                "steps_from_proto": {
                                                    "total": 0.000751100000002225,
                                                    "count": 1,
                                                    "is_parallel": true,
                                                    "self": 0.00021170000000481082,
                                                    "children": {
                                                        "_process_vector_observation": {
                                                            "total": 0.0005393999999974142,
                                                            "count": 2,
                                                            "is_parallel": true,
                                                            "self": 0.0005393999999974142
                                                        }
                                                    }
                                                },
                                                "UnityEnvironment.step": {
                                                    "total": 808.0174470000104,
                                                    "count": 96770,
                                                    "is_parallel": true,
                                                    "self": 6.370368700015888,
                                                    "children": {
                                                        "UnityEnvironment._generate_step_input": {
                                                            "total": 14.629457300001164,
                                                            "count": 96770,
                                                            "is_parallel": true,
                                                            "self": 14.629457300001164
                                                        },
                                                        "communicator.exchange": {
                                                            "total": 768.405434199985,
                                                            "count": 96770,