{
    "name": "root",
    "gauges": {
        "MazeAgent.Policy.Entropy.mean": {
            "value": 1.060762643814087,
            "min": 1.060762643814087,
            "max": 1.3023537397384644,
            "count": 12
        },
        "MazeAgent.Environment.EpisodeLength.mean": {
            "value": 161.88709677419354,
            "min": 77.9047619047619,
            "max": 161.88709677419354,
            "count": 12
        },
        "MazeAgent.Policy.ExtrinsicValueEstimate.mean": {
            "value": -0.4637053608894348,
            "min": -0.7306944727897644,
            "max": -0.42633795738220215,
            "count": 12
        },
        "MazeAgent.Policy.GailValueEstimate.mean": {
            "value": 0.17218603193759918,
            "min": 0.17218603193759918,
            "max": 7.9249186515808105,
            "count": 12
        },
        "MazeAgent.Environment.CumulativeReward.mean": {
            "value": -0.7919193935700722,
            "min": -1.049720046306029,
            "max": -0.7827571755674269,
            "count": 12
        },
        "MazeAgent.Policy.ExtrinsicReward.mean": {
            "value": -0.7919193935700722,
            "min": -1.049720046306029,
            "max": -0.7827571755674269,
            "count": 12
        },
        "MazeAgent.Policy.GailReward.mean": {
            "value": 0.45133603049955506,
            "min": 0.11136741338689787,
            "max": 7.986935176669924,
            "count": 12
        },
        "MazeAgent.Losses.PolicyLoss.mean": {
            "value": 0.07142327507931946,
            "min": 0.06446066888532154,
            "max": 0.07325495417333312,
            "count": 12
        },
        "MazeAgent.Losses.ValueLoss.mean": {
            "value": 0.04022122006022578,
            "min": 0.0166362514223524,
            "max": 12.36657664472996,
            "count": 12
        },
        "MazeAgent.Policy.LearningRate.mean": {
            "value": 0.00020693200602267498,
            "min": 0.00020693200602267498,
            "max": 0.00027198530933823334,
            "count": 12
        },
        "MazeAgent.Policy.Epsilon.mean": {
            "value": 0.168977325,
            "min": 0.168977325,
            "max": 0.19066176666666668,
            "count": 12
        },
        "MazeAgent.Policy.Beta.mean": {
            "value": 0.00034798889250000004,
            "min": 0.00034798889250000004,
            "max": 0.0004542426566666667,
            "count": 12
        },
        "MazeAgent.Policy.GAILPolicyEstimate.mean": {
            "value": 0.001156023776140366,
            "min": 0.000977969444007882,
            "max": 0.07249649496818031,
            "count": 12
        },
        "MazeAgent.Policy.GAILExpertEstimate.mean": {
            "value": 0.9989624200043855,
            "min": 0.9359795988341908,
            "max": 0.9989674927459822,
            "count": 12
        },
        "MazeAgent.Losses.GAILLoss.mean": {
            "value": 0.0022155853335721915,
            "min": 0.0020165868966917815,
            "max": 0.15043233615564713,
            "count": 12
        },
        "MazeAgent.Policy.GAILGradMagLoss.mean": {
            "value": 0.059559472470061374,
            "min": 0.0497393902408442,
            "max": 0.2804957562022739,
            "count": 12
        },
        "MazeAgent.Losses.PretrainingLoss.mean": {
            "value": 0.3000850649994044,
            "min": 0.3000850649994044,
            "max": 0.7491299900270644,
            "count": 12
        },
        "MazeAgent.IsTraining.mean": {
            "value": 1.0,
            "min": 1.0,
            "max": 1.0,
            "count": 12
        }
    },
    "metadata": {
        "timer_format_version": "0.1.0",
        "start_time_seconds": "1610757803",
        "python_version": "3.8.7 (tags/v3.8.7:6503f05, Dec 21 2020, 17:59:51) [MSC v.1928 64 bit (AMD64)]",
        "command_line_arguments": "E:\\Documents\\Unity Projects\\AI Game 2021\\venv\\Scripts\\mlagents-learn config/trainer_config.yaml --run-id=Maze16_001 --resume",
        "mlagents_version": "0.23.0",
        "mlagents_envs_version": "0.23.0",
        "communication_protocol_version": "1.3.0",
        "pytorch_version": "1.7.0+cu110",
        "numpy_version": "1.18.5",
        "end_time_seconds": "1610762367"
    },
    "total": 4563.5652417,
    "count": 1,
    "self": 0.008462899999358342,
    "children": {
        "run_training.setup": {
            "total": 0.035959899999999934,
            "count": 1,
            "self": 0.035959899999999934
        },
        "TrainerController.start_learning": {
            "total": 4563.5208189,
            "count": 1,
            "self": 3.041995500078883,
            "children": {
                "TrainerController._reset_env": {
                    "total": 44.8321118,
                    "count": 1,
                    "self": 7.5207928999999965,
                    "children": {
                        "demo_to_buffer": {
                            "total": 37.3113189,
                            "count": 2,
                            "self": 0.12527770000001226,
                            "children": {
                                "load_demonstration": {
                                    "total": 29.4688048,
                                    "count": 2,
                                    "self": 29.450995499999998,
                                    "children": {
                                        "read_file": {
                                            "total": 0.017809300000003248,
                                            "count": 2,
                                            "self": 0.017809300000003248
                                        }
                                    }
                                },
                                "make_demo_buffer": {
                                    "total": 7.717236399999994,
                                    "count": 2,
                                    "self": 0.39441209999993276,
                                    "children": {
                                        "steps_from_proto": {
                                            "total": 7.322824300000061,
                                            "count": 7320,
                                            "self": 0.5283226000000347,
                                            "children": {
                                                "_process_visual_observation": {
                                                    "total": 6.388596999999809,
                                                    "count": 14640,
                                                    "self": 0.1443636999998148,
                                                    "children": {
                                                        "observation_to_np_array": {
                                                            "total": 6.244233299999994,
                                                            "count": 7320,
                                                            "self": 6.244233299999994
                                                        }
                                                    }
                                                },
                                                "_process_vector_observation": {
                                                    "total": 0.4059047000002174,
                                                    "count": 14640,
                                                    "self": 0.4059047000002174
                                                }
                                            }
                                        }
                                    }
                                }
                            }
                        }
                    }
                },