{
    "name": "root",
    "gauges": {
        "PlayerControl.Policy.Entropy.mean": {
            "value": 1.411920428276062,
            "min": 1.411920428276062,
            "max": 1.4175431728363037,
            "count": 2
        },
        "PlayerControl.Environment.EpisodeLength.mean": {
            "value": 634.7142857142857,
            "min": 100.44242424242424,
            "max": 634.7142857142857,
            "count": 2
        },
        "PlayerControl.Policy.ExtrinsicValueEstimate.mean": {
            "value": 0.2631710469722748,
            "min": 0.15429936349391937,
            "max": 0.2631710469722748,
            "count": 2
        },
        "PlayerControl.Environment.CumulativeReward.mean": {
            "value": 0.14285714285714285,
            "min": -0.3393939393939394,
            "max": 0.14285714285714285,
            "count": 2
        },
        "PlayerControl.Policy.ExtrinsicReward.mean": {
            "value": 0.14285714285714285,
            "min": -0.3393939393939394,
            "max": 0.14285714285714285,
            "count": 2
        },
        "PlayerControl.Losses.PolicyLoss.mean": {
            "value": 0.023342991075478492,
            "min": 0.022047626522059244,
            "max": 0.023342991075478492,
            "count": 2
        },
        "PlayerControl.Losses.ValueLoss.mean": {
            "value": 0.004355691721818098,
            "min": 0.004355691721818098,
            "max": 0.11345436413151523,
            "count": 2
        },
        "PlayerControl.Policy.LearningRate.mean": {
            "value": 0.0002568007343997599,
            "min": 0.0002568007343997599,
            "max": 0.00028457460514179995,
            "count": 2
        },
        "PlayerControl.Policy.Epsilon.mean": {
            "value": 0.18560024000000003,
            "min": 0.18560024000000003,
            "max": 0.19485819999999998,
            "count": 2
        },
        "PlayerControl.Policy.Beta.mean": {
            "value": 0.004281451976,
            "min": 0.004281451976,
            "max": 0.00474342418,
            "count": 2
        },
        "PlayerControl.IsTraining.mean": {
            "value": 1.0,
            "min": 1.0,
            "max": 1.0,
            "count": 2
        }
    },
    "metadata": {
        "timer_format_version": "0.1.0",
        "start_time_seconds": "1610473139",
        "python_version": "3.8.7 (tags/v3.8.7:6503f05, Dec 21 2020, 17:59:51) [MSC v.1928 64 bit (AMD64)]",
        "command_line_arguments": "E:\\Documents\\Unity Projects\\AI Game 2021\\venv\\Scripts\\mlagents-learn --run-id=test2",
        "mlagents_version": "0.23.0",
        "mlagents_envs_version": "0.23.0",
        "communication_protocol_version": "1.3.0",
        "pytorch_version": "1.7.0+cu110",
        "numpy_version": "1.18.5",
        "end_time_seconds": "1610473559"
    },
    "total": 419.7867572,
    "count": 1,
    "self": 0.017355200000054083,
    "children": {
        "run_training.setup": {
            "total": 0.009998200000000068,
            "count": 1,
            "self": 0.009998200000000068
        },
        "TrainerController.start_learning": {
            "total": 419.7594038,
            "count": 1,
            "self": 0.26056870000132903,
            "children": {
                "TrainerController._reset_env": {
                    "total": 11.4733726,
                    "count": 1,
                    "self": 11.4733726
                },
                "TrainerController.advance": {
                    "total": 407.8138433999987,
                    "count": 9514,
                    "self": 0.11673029999707296,
                    "children": {
                        "env_step": {
                            "total": 407.6971131000016,
                            "count": 9514,
                            "self": 350.9335093999966,
                            "children": {
                                "SubprocessEnvManager._take_step": {
                                    "total": 56.62926250000025,
                                    "count": 9514,
                                    "self": 1.2405548999982372,
                                    "children": {
                                        "TorchPolicy.evaluate": {
                                            "total": 55.388707600002014,
                                            "count": 17994,
                                            "self": 16.987942000000245,
                                            "children": {
                                                "TorchPolicy.sample_actions": {
                                                    "total": 38.40076560000177,
                                                    "count": 17994,
                                                    "self": 38.40076560000177
                                                }
                                            }
                                        }
                                    }
                                },
                                "workers": {
                                    "total": 0.1343412000048012,
                                    "count": 9513,
                                    "self": 0.0,
                                    "children": {
                                        "worker_root": {
                                            "total": 409.5025664999972,
                                            "count": 9513,
                                            "is_parallel": true,
                                            "self": 76.44502659999887,
                                            "children": {
                                                "steps_from_proto": {
                                                    "total": 0.0005129999999997636,
                                                    "count": 2,
                                                    "is_parallel": true,
                                                    "self": 0.00017469999999875085,
                                                    "children": {
                                                        "_process_vector_observation": {
                                                            "total": 0.0003383000000010128,
                                                            "count": 4,
                                                            "is_parallel": true,
                                                            "self": 0.0003383000000010128
                                                        }
                                                    }
                                                },
                                                "UnityEnvironment.step": {
                                                    "total": 333.05702689999833,
                                                    "count": 9513,
                                                    "is_parallel": true,
                                                    "self": 1.0004024999994385,
                                                    "children": {
                                                        "UnityEnvironment._generate_step_input": {
                                                            "total": 9.356189599999423,
                                                            "count": 9513,
                                                            "is_parallel": true,
                                                            "self": 9.356189599999423
                                                        },
                                                        "communicator.exchange": {
                                                            "total": 318.4128482000017,
                                                            "count": 9513,
                                                            "is_parallel": true,